symbol,name,amount,year,previousClose,open,trailingPE,volume,yield_return,symbol_id,cluster
0008.KL,WILLOWGLEN MSC BHD,0.02,2015,0.55,0.55,,131500,3.64,0,3
0008.KL,WILLOWGLEN MSC BHD,0.02,2016,0.55,0.55,,131500,3.64,0,3
0008.KL,WILLOWGLEN MSC BHD,0.02,2017,0.55,0.55,,131500,3.64,0,3
0011.KL,BRITE-TECH BHD,0.0189,2015,0.24,0.25,,80000,7.88,1,3
0011.KL,BRITE-TECH BHD,0.0136,2016,0.24,0.25,,80000,5.67,1,3
0011.KL,BRITE-TECH BHD,0.016,2017,0.24,0.25,,80000,6.67,1,3
0012.KL,THREE-A RESOURCES BHD,0.014,2015,0.94,0.94,,147300,1.49,2,3
0012.KL,THREE-A RESOURCES BHD,0.018,2016,0.94,0.94,,147300,1.91,2,3
0012.KL,THREE-A RESOURCES BHD,0.018,2017,0.94,0.94,,147300,1.91,2,3
0023.KL,IFCA MSC BHD,0.01,2015,0.28,0.28,,496600,3.57,3,3
0023.KL,IFCA MSC BHD,0.01,2016,0.28,0.28,,496600,3.57,3,3
0023.KL,IFCA MSC BHD,0.005,2017,0.28,0.28,,496600,1.79,3,3
0035.KL,OPCOM HOLDINGS BHD,0.015,2015,0.825,0.825,,4150200,1.82,4,3
0035.KL,OPCOM HOLDINGS BHD,0.02,2016,0.825,0.825,,4150200,2.42,4,3
0035.KL,OPCOM HOLDINGS BHD,0.02,2017,0.825,0.825,,4150200,2.42,4,3
0037.KL,RGB INTERNATIONAL BHD,0.002,2015,0.245,0.25,,1385000,0.82,5,3
0037.KL,RGB INTERNATIONAL BHD,0.005,2016,0.245,0.25,,1385000,2.04,5,3
0037.KL,RGB INTERNATIONAL BHD,0.006,2017,0.245,0.25,,1385000,2.45,5,3
0049.KL,OCEANCASH PACIFIC BHD,0.007,2015,0.655,0.655,,922600,1.07,6,3
0049.KL,OCEANCASH PACIFIC BHD,0.007,2016,0.655,0.655,,922600,1.07,6,3
0049.KL,OCEANCASH PACIFIC BHD,0.008,2017,0.655,0.655,,922600,1.22,6,3
0050.KL,SYSTECH BHD,0.006,2015,0.23,0.23,,185000,2.61,7,3
0050.KL,SYSTECH BHD,0.002,2016,0.23,0.23,,185000,0.87,7,3
0050.KL,SYSTECH BHD,0.003,2017,0.23,0.23,,185000,1.3,7,3
0054.KL,KARYON INDUSTRIES BHD,0.004,2015,0.17,0.17,,174100,2.35,8,3
0054.KL,KARYON INDUSTRIES BHD,0.003,2016,0.17,0.17,,174100,1.76,8,3
0054.KL,KARYON INDUSTRIES BHD,0.003,2017,0.17,0.17,,174100,1.76,8,3
0058.KL,JCBNEXT BERHAD,0.06875,2015,1.7,1.7,,13100,4.04,9,3
0058.KL,JCBNEXT BERHAD,0.01625,2016,1.7,1.7,,13100,0.96,9,3
0058.KL,JCBNEXT BERHAD,0.02,2017,1.7,1.7,,13100,1.18,9,3
0065.KL,EXCEL FORCE MSC BHD,0.03,2015,0.465,0.47,,4607200,6.45,10,3
0065.KL,EXCEL FORCE MSC BHD,0.02,2016,0.465,0.47,,4607200,4.3,10,3
0065.KL,EXCEL FORCE MSC BHD,0.025,2017,0.465,0.47,,4607200,5.38,10,3
0078.KL,GD EXPRESS CARRIER BHD,0.01125,2015,0.43,0.435,,758400,2.62,11,3
0078.KL,GD EXPRESS CARRIER BHD,0.01,2016,0.43,0.435,,758400,2.33,11,3
0078.KL,GD EXPRESS CARRIER BHD,0.01,2017,0.43,0.435,,758400,2.33,11,3
0078.KL,GD EXPRESS CARRIER BHD,0.0025,2018,0.43,0.435,,758400,0.58,11,3
0089.KL,TEX CYCLE TECHNOLOGY (M) BHD,0.0075,2015,0.71,0.7,,93000,1.06,12,3
0089.KL,TEX CYCLE TECHNOLOGY (M) BHD,0.005,2016,0.71,0.7,,93000,0.7,12,3
0089.KL,TEX CYCLE TECHNOLOGY (M) BHD,0.011,2017,0.71,0.7,,93000,1.55,12,3
0090.KL,ELSOFT RESEARCH BHD,0.09,2015,2.66,2.67,,21700,3.38,13,3
0090.KL,ELSOFT RESEARCH BHD,0.1,2016,2.66,2.67,,21700,3.76,13,3
0090.KL,ELSOFT RESEARCH BHD,0.07,2017,2.66,2.67,,21700,2.63,13,3
0097.KL,VITROX CORPORATION BHD,0.02,2015,5.87,5.85,,2576300,0.34,14,3
0097.KL,VITROX CORPORATION BHD,0.03,2016,5.87,5.85,,2576300,0.51,14,3
0097.KL,VITROX CORPORATION BHD,0.055,2017,5.87,5.85,,2576300,0.94,14,3
0099.KL,SCICOM (MSC) BHD,0.08,2015,1.92,1.92,,14900,4.17,15,3
0099.KL,SCICOM (MSC) BHD,0.09,2016,1.92,1.92,,14900,4.69,15,3
0099.KL,SCICOM (MSC) BHD,0.07,2017,1.92,1.92,,14900,3.65,15,3
0101.KL,TMC LIFE SCIENCES BHD,0.0014,2015,0.745,0.745,,71400,0.19,16,3
0101.KL,TMC LIFE SCIENCES BHD,0.00154,2017,0.745,0.745,,71400,0.21,16,3
0101.KL,TMC LIFE SCIENCES BHD,0.00167,2018,0.745,0.745,,71400,0.22,16,3
0105.KL,ASIA POLY HOLDINGS BHD,0.005,2015,0.095,0.09,,297400,5.26,17,3
0105.KL,ASIA POLY HOLDINGS BHD,0.005,2016,0.095,0.09,,297400,5.26,17,3
0105.KL,ASIA POLY HOLDINGS BHD,0.005,2017,0.095,0.09,,297400,5.26,17,3
0106.KL,REXIT BHD,0.015,2015,0.665,0.67,,10000,2.26,18,3
0106.KL,REXIT BHD,0.05,2016,0.665,0.67,,10000,7.52,18,3
0106.KL,REXIT BHD,0.03,2017,0.665,0.67,,10000,4.51,18,3
0108.KL,N2N CONNECT BHD,0.01,2015,1.22,1.2,,1068600,0.82,19,3
0108.KL,N2N CONNECT BHD,0.02,2016,1.22,1.2,,1068600,1.64,19,3
0108.KL,N2N CONNECT BHD,0.01,2017,1.22,1.2,,1068600,0.82,19,3
0112.KL,MIKRO MSC BERHAD,0.01,2015,0.285,0.29,,75800,3.51,20,3
0112.KL,MIKRO MSC BERHAD,0.011,2016,0.285,0.29,,75800,3.86,20,3
0112.KL,MIKRO MSC BERHAD,0.016,2017,0.285,0.29,,75800,5.61,20,3
0113.KL,MMS VENTURES BHD,0.02,2015,1.45,1.44,,82800,1.38,21,3
0113.KL,MMS VENTURES BHD,0.02,2016,1.45,1.44,,82800,1.38,21,3
0113.KL,MMS VENTURES BHD,0.03,2017,1.45,1.44,,82800,2.07,21,3
0138.KL,MY E.G. SERVICES BHD,0.025,2015,0.98,1,,40901500,2.55,22,1
0138.KL,MY E.G. SERVICES BHD,0.032,2016,0.98,1,,40901500,3.27,22,1
0138.KL,MY E.G. SERVICES BHD,0.01,2017,0.98,1,,40901500,1.02,22,1
0138.KL,MY E.G. SERVICES BHD,0.012,2018,0.98,1,,40901500,1.22,22,1
0146.KL,JF TECHNOLOGY BHD,0.01,2015,0.745,0.75,,15000,1.34,23,3
0146.KL,JF TECHNOLOGY BHD,0.005,2016,0.745,0.75,,15000,0.67,23,3
0146.KL,JF TECHNOLOGY BHD,0.02,2017,0.745,0.75,,15000,2.68,23,3
0149.KL,FIBON BERHAD,0.021,2015,0.54,0.54,,10000,3.89,24,3
0149.KL,FIBON BERHAD,0.0125,2016,0.54,0.54,,10000,2.31,24,3
0149.KL,FIBON BERHAD,0.011,2017,0.54,0.54,,10000,2.04,24,3
0158.KL,SCC HOLDINGS BERHAD,0.05,2015,0.49,0.5,,22000,10.2,25,2
0158.KL,SCC HOLDINGS BERHAD,0.05,2016,0.49,0.5,,22000,10.2,25,2
0158.KL,SCC HOLDINGS BERHAD,0.116,2017,0.49,0.5,,22000,23.67,25,2
0166.KL,INARI AMERTRON BERHAD,0.085,2015,2.29,2.27,,13768200,3.71,26,1
0166.KL,INARI AMERTRON BERHAD,0.079,2016,2.29,2.27,,13768200,3.45,26,1
0166.KL,INARI AMERTRON BERHAD,0.086,2017,2.29,2.27,,13768200,3.76,26,1
0168.KL,BOILERMECH HOLDINGS BHD,0.0175,2015,0.715,0.72,,83800,2.45,27,3
0168.KL,BOILERMECH HOLDINGS BHD,0.015,2016,0.715,0.72,,83800,2.1,27,3
0168.KL,BOILERMECH HOLDINGS BHD,0.015,2017,0.715,0.72,,83800,2.1,27,3
0171.KL,PETERLABS HOLDINGS BHD,0.005,2015,0.275,0.275,,56000,1.82,28,3
0171.KL,PETERLABS HOLDINGS BHD,0.014,2016,0.275,0.275,,56000,5.09,28,3
0171.KL,PETERLABS HOLDINGS BHD,0.006,2018,0.275,0.275,,56000,2.18,28,3
0820EA.KL,FTSE Bursa Malaysia KLCI ETF,0,2015,1.82,1.835,,6600,0,29,3
0820EA.KL,FTSE Bursa Malaysia KLCI ETF,0.033,2016,1.82,1.835,,6600,1.81,29,3
0820EA.KL,FTSE Bursa Malaysia KLCI ETF,0.033,2017,1.82,1.835,,6600,1.81,29,3
0821EA.KL,DJIM25,0.033,2015,1.15,1.14,,139400,2.87,30,3
0821EA.KL,DJIM25,0.0237,2016,1.15,1.14,,139400,2.06,30,3
0821EA.KL,DJIM25,0.0223,2017,1.15,1.14,,139400,1.94,30,3
0821EA.KL,DJIM25,0.0239,2018,1.15,1.14,,139400,2.08,30,3
0822EA.KL,CIMB FTSE Asean 40 Malaysia Fund,0,2015,1.95,1.9,,26000,0,31,3
0822EA.KL,CIMB FTSE Asean 40 Malaysia Fund,0.0656,2016,1.95,1.9,,26000,3.36,31,3
0822EA.KL,CIMB FTSE Asean 40 Malaysia Fund,0.0739,2017,1.95,1.9,,26000,3.79,31,3
0824EA.KL,MyETF MSCI Malaysia Islamic Dividend,0.0315,2016,1.15,1.11,,71000,2.74,32,3
0824EA.KL,MyETF MSCI Malaysia Islamic Dividend,0.0152,2017,1.15,1.11,,71000,1.32,32,3
0824EA.KL,MyETF MSCI Malaysia Islamic Dividend,0.0281,2018,1.15,1.11,,71000,2.44,32,3
0825EA.KL,MyETF MSCI SEA ISLAMIC DIVIDEND,0.0215,2016,0.834,0.834,,300,2.58,33,3
0825EA.KL,MyETF MSCI SEA ISLAMIC DIVIDEND,0.0234,2017,0.834,0.834,,300,2.81,33,3
0825EA.KL,MyETF MSCI SEA ISLAMIC DIVIDEND,0.0151,2018,0.834,0.834,,300,1.81,33,3
1007.KL,Amcorp Properties Berhad,0.03,2015,0.67,0.675,5.59322,42100,4.48,34,3
1007.KL,Amcorp Properties Berhad,0.03,2016,0.67,0.675,5.59322,42100,4.48,34,3
1007.KL,Amcorp Properties Berhad,0.03,2017,0.67,0.675,5.59322,42100,4.48,34,3
1007PA.KL,Amcorp Properties Berhad,0.02,2015,0.33,0.33,2.79661,3300,6.06,35,3
1007PA.KL,Amcorp Properties Berhad,0.02,2016,0.33,0.33,2.79661,3300,6.06,35,3
1007PA.KL,Amcorp Properties Berhad,0.02,2017,0.33,0.33,2.79661,3300,6.06,35,3
1015.KL,AMMB Holdings Berhad,0.203,2015,3.83,3.79,8.72979,3796500,5.3,36,3
1015.KL,AMMB Holdings Berhad,0.155,2016,3.83,3.79,8.72979,3796500,4.05,36,3
1015.KL,AMMB Holdings Berhad,0.176,2017,3.83,3.79,8.72979,3796500,4.6,36,3
1023.KL,CIMB Group Holdings Berhad,0.08,2015,5.86,5.88,16.1708,7980200,1.37,37,3
1023.KL,CIMB Group Holdings Berhad,0.19,2016,5.86,5.88,16.1708,7980200,3.24,37,3
1023.KL,CIMB Group Holdings Berhad,0.25,2017,5.86,5.88,16.1708,7980200,4.27,37,3
1058.KL,Manulife Holdings Berhad,0.1,2015,2.86,2.86,18.4516,3000,3.5,38,3
1058.KL,Manulife Holdings Berhad,0.09,2016,2.86,2.86,18.4516,3000,3.15,38,3
1058.KL,Manulife Holdings Berhad,0.105,2017,2.86,2.86,18.4516,3000,3.67,38,3
1066.KL,RHB Capital Berhad,0.06,2015,5.63,5.65,9.50086,1018000,1.07,39,3
1066.KL,RHB Capital Berhad,0.17,2016,5.63,5.65,9.50086,1018000,3.02,39,3
1066.KL,RHB Capital Berhad,0.12,2017,5.63,5.65,9.50086,1018000,2.13,39,3
1082.KL,Hong Leong Financial Group Berhad,0.38,2015,18.26,18.48,14.0923,278100,2.08,40,3
1082.KL,Hong Leong Financial Group Berhad,0.38,2016,18.26,18.48,14.0923,278100,2.08,40,3
1082.KL,Hong Leong Financial Group Berhad,0.38,2017,18.26,18.48,14.0923,278100,2.08,40,3
1155.KL,Malayan Banking Berhad,0.57,2015,9.28,9.37,13.5285,12873100,6.14,41,1
1155.KL,Malayan Banking Berhad,0.5,2016,9.28,9.37,13.5285,12873100,5.39,41,1
1155.KL,Malayan Banking Berhad,0.45,2017,9.28,9.37,13.5285,12873100,4.85,41,1
1163.KL,Allianz Malaysia Berhad,0.05,2015,12.82,13.12,14.3722,19900,0.39,42,3
1163.KL,Allianz Malaysia Berhad,0.065,2016,12.82,13.12,14.3722,19900,0.51,42,3
1163.KL,Allianz Malaysia Berhad,0.09,2017,12.82,13.12,14.3722,19900,0.7,42,3
1163.KL,Allianz Malaysia Berhad,0.12,2018,12.82,13.12,14.3722,19900,0.94,42,3
1163PA.KL,Allianz Malaysia Berhad,0.06,2015,13.4,13.4,,8300,0.45,43,3
1163PA.KL,Allianz Malaysia Berhad,0.078,2016,13.4,13.4,,8300,0.58,43,3
1163PA.KL,Allianz Malaysia Berhad,0.108,2017,13.4,13.4,,8300,0.81,43,3
1163PA.KL,Allianz Malaysia Berhad,0.144,2018,13.4,13.4,,8300,1.07,43,3
1171.KL,Malaysia Building Society Bhd,0.1,2015,1.18,1.18,20,2622400,8.47,44,2
1171.KL,Malaysia Building Society Bhd,0.03,2016,1.18,1.18,20,2622400,2.54,44,3
1171.KL,Malaysia Building Society Bhd,0.03,2017,1.18,1.18,20,2622400,2.54,44,3
1198.KL,MAA Group Berhad,0.06,2015,0.655,0.635,8.125,37400,9.16,45,2
1198.KL,MAA Group Berhad,0.06,2016,0.655,0.635,8.125,37400,9.16,45,2
1198.KL,MAA Group Berhad,0.09,2017,0.655,0.635,8.125,37400,13.74,45,2
1295.KL,Public Bank Berhad,0.55,2015,23.36,23.48,17.1795,13309100,2.35,46,1
1295.KL,Public Bank Berhad,0.58,2016,23.36,23.48,17.1795,13309100,2.48,46,1
1295.KL,Public Bank Berhad,0.59,2017,23.36,23.48,17.1795,13309100,2.53,46,1
1368.KL,UEM Edgenta Berhad,0.05,2015,2.06,2.07,9.62617,71000,2.43,47,3
1368.KL,UEM Edgenta Berhad,0.15,2016,2.06,2.07,9.62617,71000,7.28,47,3
1368.KL,UEM Edgenta Berhad,0.15,2017,2.06,2.07,9.62617,71000,7.28,47,3
1481.KL,Advance Synergy Berhad,0.0025,2015,0.16,0.16,,5973200,1.56,48,3
1481.KL,Advance Synergy Berhad,0.0025,2016,0.16,0.16,,5973200,1.56,48,3
1481.KL,Advance Synergy Berhad,0.0025,2017,0.16,0.16,,5973200,1.56,48,3
1503.KL,GuocoLand (Malaysia) Berhad,0.02,2015,0.895,0.88,2.96296,172000,2.23,49,3
1503.KL,GuocoLand (Malaysia) Berhad,0.02,2016,0.895,0.88,2.96296,172000,2.23,49,3
1503.KL,GuocoLand (Malaysia) Berhad,0.02,2017,0.895,0.88,2.96296,172000,2.23,49,3
1538.KL,Symphony Life Berhad,0.05,2015,0.61,0.6,13.6364,130000,8.2,50,2
1538.KL,Symphony Life Berhad,0.02,2016,0.61,0.6,13.6364,130000,3.28,50,3
1538.KL,Symphony Life Berhad,0.06,2017,0.61,0.6,13.6364,130000,9.84,50,2
1562.KL,Berjaya Sports Toto Berhad,0.185,2015,2.49,2.47,10.9251,1794800,7.43,51,3
1562.KL,Berjaya Sports Toto Berhad,0.18,2016,2.49,2.47,10.9251,1794800,7.23,51,3
1562.KL,Berjaya Sports Toto Berhad,0.14,2017,2.49,2.47,10.9251,1794800,5.62,51,3
1562.KL,Berjaya Sports Toto Berhad,0.04,2018,2.49,2.47,10.9251,1794800,1.61,51,3
1619.KL,DRB-HICOM Berhad,0.06,2015,1.8,1.8,,1845900,3.33,52,3
1619.KL,DRB-HICOM Berhad,0.02,2016,1.8,1.8,,1845900,1.11,52,3
1619.KL,DRB-HICOM Berhad,0.01,2017,1.8,1.8,,1845900,0.56,52,3
1651.KL,Malaysian Resources Corporation Berhad,0.025,2015,0.645,0.645,11.9444,4271300,3.88,53,3
1651.KL,Malaysian Resources Corporation Berhad,0.025,2016,0.645,0.645,11.9444,4271300,3.88,53,3
1651.KL,Malaysian Resources Corporation Berhad,0.055,2017,0.645,0.645,11.9444,4271300,8.53,53,2
1724.KL,Paramount Corporation Berhad,0.075,2015,1.89,1.9,15.2381,35400,3.97,54,3
1724.KL,Paramount Corporation Berhad,0.0825,2016,1.89,1.9,15.2381,35400,4.37,54,3
1724.KL,Paramount Corporation Berhad,0.085,2017,1.89,1.9,15.2381,35400,4.5,54,3
1783.KL,Selangor Properties Bhd,0.12,2015,4.09,4.28,2.83634,11500,2.93,55,3
1783.KL,Selangor Properties Bhd,0.12,2016,4.09,4.28,2.83634,11500,2.93,55,3
1783.KL,Selangor Properties Bhd,0.12,2017,4.09,4.28,2.83634,11500,2.93,55,3
1818.KL,Bursa Malaysia Berhad,0.345,2015,7.84,7.8,20.7733,541200,4.4,56,3
1818.KL,Bursa Malaysia Berhad,0.35,2016,7.84,7.8,20.7733,541200,4.46,56,3
1818.KL,Bursa Malaysia Berhad,0.37,2017,7.84,7.8,20.7733,541200,4.72,56,3
1899.KL,Batu Kawan Berhad,1.05,2015,18,18,15.126,1200,5.83,57,3
1899.KL,Batu Kawan Berhad,0.5,2016,18,18,15.126,1200,2.78,57,3
1899.KL,Batu Kawan Berhad,0.55,2017,18,18,15.126,1200,3.06,57,3
1899.KL,Batu Kawan Berhad,0.45,2018,18,18,15.126,1200,2.5,57,3
1929.KL,Chin Teck Plantations Berhad,0.16,2015,6.95,6.95,24.1319,100,2.3,58,3
1929.KL,Chin Teck Plantations Berhad,0.16,2016,6.95,6.95,24.1319,100,2.3,58,3
1929.KL,Chin Teck Plantations Berhad,0.19,2017,6.95,6.95,24.1319,100,2.73,58,3
1929.KL,Chin Teck Plantations Berhad,0.1,2018,6.95,6.95,24.1319,100,1.44,58,3
1961.KL,IOI Corp.Bhd,0.09,2015,4.66,4.6,31.5172,2040700,1.93,59,3
1961.KL,IOI Corp.Bhd,0.08,2016,4.66,4.6,31.5172,2040700,1.72,59,3
1961.KL,IOI Corp.Bhd,0.095,2017,4.66,4.6,31.5172,2040700,2.04,59,3
2038.KL,Negri Sembilan Oil Palms Berhad,0.06,2015,3.55,3.8,88.75,1500,1.69,60,3
2038.KL,Negri Sembilan Oil Palms Berhad,0.06,2016,3.55,3.8,88.75,1500,1.69,60,3
2038.KL,Negri Sembilan Oil Palms Berhad,0.06,2017,3.55,3.8,88.75,1500,1.69,60,3
2054.KL,TDM Berhad,0.015,2015,0.255,0.26,5.09804,11394500,5.88,61,1
2054.KL,TDM Berhad,0.012,2016,0.255,0.26,5.09804,11394500,4.71,61,1
2054.KL,TDM Berhad,0.004545,2017,0.255,0.26,5.09804,11394500,1.78,61,1
2062.KL,Harbour-Link Group Berhad,0.055,2015,0.76,0.75,5.50725,80000,7.24,62,3
2062.KL,Harbour-Link Group Berhad,0.02,2016,0.76,0.75,5.50725,80000,2.63,62,3
2062.KL,Harbour-Link Group Berhad,0.015,2017,0.76,0.75,5.50725,80000,1.97,62,3
2089.KL,United Plantations Bhd,0.4,2015,27.22,27.5,19.6275,37100,1.47,63,3
2089.KL,United Plantations Bhd,0.4,2016,27.22,27.5,19.6275,37100,1.47,63,3
2089.KL,United Plantations Bhd,0.4,2017,27.22,27.5,19.6275,37100,1.47,63,3
2135.KL,Gopeng Bhd,0.03,2015,1.5,1.5,,16000,2,64,3
2135.KL,Gopeng Bhd,0.04,2016,1.5,1.5,,16000,2.67,64,3
2135.KL,Gopeng Bhd,0.04,2017,1.5,1.5,,16000,2.67,64,3
2186.KL,Kuchai Development Bhd,0.001,2015,2.18,2.18,,12700,0.05,65,3
2186.KL,Kuchai Development Bhd,0.001,2016,2.18,2.18,,12700,0.05,65,3
2186.KL,Kuchai Development Bhd,0.0097,2017,2.18,2.18,,12700,0.44,65,3
2194.KL,MMC Corporation Bhd,0.035,2015,1.33,1.35,2.5,443400,2.63,66,3
2194.KL,MMC Corporation Bhd,0.038,2016,1.33,1.35,2.5,443400,2.86,66,3
2194.KL,MMC Corporation Bhd,0.04,2017,1.33,1.35,2.5,443400,3.01,66,3
2216.KL,IJM Plantations Berhad,0.06,2015,2.25,2.15,82.5926,3700,2.67,67,3
2216.KL,IJM Plantations Berhad,0.05,2016,2.25,2.15,82.5926,3700,2.22,67,3
2216.KL,IJM Plantations Berhad,0.07,2017,2.25,2.15,82.5926,3700,3.11,67,3
2224.KL,Selangor Dredging Bhd,0.03,2015,0.75,0.755,7.47525,1300,4,68,3
2224.KL,Selangor Dredging Bhd,0.025,2016,0.75,0.755,7.47525,1300,3.33,68,3
2224.KL,Selangor Dredging Bhd,0.025,2017,0.75,0.755,7.47525,1300,3.33,68,3
2291.KL,Genting Plantations Berhad,0.065,2015,9.34,9.4,,400600,0.7,69,3
2291.KL,Genting Plantations Berhad,0.05,2016,9.34,9.4,,400600,0.54,69,3
2291.KL,Genting Plantations Berhad,0.215,2017,9.34,9.4,,400600,2.3,69,3
2305.KL,TAHPS Group Berhad,0.32,2015,5.5,5.5,,2000,5.82,70,3
2305.KL,TAHPS Group Berhad,0.1,2016,5.5,5.5,,2000,1.82,70,3
2305.KL,TAHPS Group Berhad,0.05,2017,5.5,5.5,,2000,0.91,70,3
2445.KL,Kuala Lumpur Kepong Berhad,0.55,2015,24.3,24.02,17.9421,1678800,2.26,71,3
2445.KL,Kuala Lumpur Kepong Berhad,0.45,2016,24.3,24.02,17.9421,1678800,1.85,71,3
2445.KL,Kuala Lumpur Kepong Berhad,0.5,2017,24.3,24.02,17.9421,1678800,2.06,71,3
2445.KL,Kuala Lumpur Kepong Berhad,0.35,2018,24.3,24.02,17.9421,1678800,1.44,71,3
2453.KL,Kluang Rubber Co. Malaya Bhd,0.01,2015,4.2,4.2,52.5,2000,0.24,72,3
2453.KL,Kluang Rubber Co. Malaya Bhd,0.01,2016,4.2,4.2,52.5,2000,0.24,72,3
2453.KL,Kluang Rubber Co. Malaya Bhd,0.01,2017,4.2,4.2,52.5,2000,0.24,72,3
2488.KL,Alliance Financial Group Berhad.,0.144,2015,4.18,4.2,12.1053,2201500,3.44,73,3
2488.KL,Alliance Financial Group Berhad.,0.15,2016,4.18,4.2,12.1053,2201500,3.59,73,3
2488.KL,Alliance Financial Group Berhad.,0.16,2017,4.18,4.2,12.1053,2201500,3.83,73,3
2569.KL,Sungei Bagan Rubber Co. Malaya Bhd,0.02,2015,3.38,3.3,38.7209,6000,0.59,74,3
2569.KL,Sungei Bagan Rubber Co. Malaya Bhd,0.02,2016,3.38,3.3,38.7209,6000,0.59,74,3
2569.KL,Sungei Bagan Rubber Co. Malaya Bhd,0.02,2017,3.38,3.3,38.7209,6000,0.59,74,3
2593.KL,United Malacca Berhad,0.16,2015,6.02,6.05,,17100,2.66,75,3
2593.KL,United Malacca Berhad,0.16,2016,6.02,6.05,,17100,2.66,75,3
2593.KL,United Malacca Berhad,0.2,2017,6.02,6.05,,17100,3.32,75,3
2593.KL,United Malacca Berhad,0.06,2018,6.02,6.05,,17100,1,75,3
2607.KL,Inch Kenneth Kajang Rubber Public Limited Company,0.002,2015,0.68,0.675,,20000,0.29,76,3
2607.KL,Inch Kenneth Kajang Rubber Public Limited Company,0.002,2016,0.68,0.675,,20000,0.29,76,3
2607.KL,Inch Kenneth Kajang Rubber Public Limited Company,0.002,2017,0.68,0.675,,20000,0.29,76,3
2658.KL,Ajinomoto Malaysia Bhd,0.2,2015,22.3,22.1,33.2042,1200,0.9,77,3
2658.KL,Ajinomoto Malaysia Bhd,0.3375,2016,22.3,22.1,33.2042,1200,1.51,77,3
2658.KL,Ajinomoto Malaysia Bhd,0.42,2017,22.3,22.1,33.2042,1200,1.88,77,3
2771.KL,Boustead Holdings Bhd,0.21,2015,2.48,2.48,,108000,8.47,78,2
2771.KL,Boustead Holdings Bhd,0.18,2016,2.48,2.48,,108000,7.26,78,3
2771.KL,Boustead Holdings Bhd,0.12,2017,2.48,2.48,,108000,4.84,78,3
2836.KL,Carlsberg Brewery Malaysia Bhd,0.05,2015,19.9,19.86,26.1741,30600,0.25,79,3
2836.KL,Carlsberg Brewery Malaysia Bhd,0.05,2016,19.9,19.86,26.1741,30600,0.25,79,3
2836.KL,Carlsberg Brewery Malaysia Bhd,0.1,2017,19.9,19.86,26.1741,30600,0.5,79,3
2852.KL,Cahya Mata Sarawak Bhd,0.085,2015,2.4,2.39,13.743,3244200,3.54,80,3
2852.KL,Cahya Mata Sarawak Bhd,0.03,2016,2.4,2.39,13.743,3244200,1.25,80,3
2852.KL,Cahya Mata Sarawak Bhd,0.063,2017,2.4,2.39,13.743,3244200,2.63,80,3
2879.KL,Chemical Co. of Malaysia Bhd,0.025,2015,2.33,2.31,,362000,1.07,81,3
2879.KL,Chemical Co. of Malaysia Bhd,0.05,2016,2.33,2.31,,362000,2.15,81,3
2879.KL,Chemical Co. of Malaysia Bhd,0.025,2017,2.33,2.31,,362000,1.07,81,3
2984.KL,FACB Industries Inc. Bhd,0.025,2015,1.3,1.31,23.6364,26000,1.92,82,3
2984.KL,FACB Industries Inc. Bhd,0.025,2017,1.3,1.31,23.6364,26000,1.92,82,3
2984.KL,FACB Industries Inc. Bhd,0.04,2018,1.3,1.31,23.6364,26000,3.08,82,3
3026.KL,Dutch Lady Milk Industries Bhd,1,2015,67.8,68.26,27.3723,400,1.47,83,3
3026.KL,Dutch Lady Milk Industries Bhd,1,2016,67.8,68.26,27.3723,400,1.47,83,3
3026.KL,Dutch Lady Milk Industries Bhd,1,2017,67.8,68.26,27.3723,400,1.47,83,3
3034.KL,Hap Seng Consolidated Berhad,0.2,2015,9.77,9.69,24.0394,623300,2.05,84,3
3034.KL,Hap Seng Consolidated Berhad,0.35,2016,9.77,9.69,24.0394,623300,3.58,84,3
3034.KL,Hap Seng Consolidated Berhad,0.35,2017,9.77,9.69,24.0394,623300,3.58,84,3
3069.KL,Mega First Corp. Bhd,0.08,2015,3.7,3.69,10.4533,104900,2.16,85,3
3069.KL,Mega First Corp. Bhd,0.07,2016,3.7,3.69,10.4533,104900,1.89,85,3
3069.KL,Mega First Corp. Bhd,0.05,2017,3.7,3.69,10.4533,104900,1.35,85,3
3107.KL,Fima Corp. Bhd,0.125,2015,2,1.98,9.43396,15000,6.25,86,3
3107.KL,Fima Corp. Bhd,0.125,2016,2,1.98,9.43396,15000,6.25,86,3
3107.KL,Fima Corp. Bhd,0.125,2017,2,1.98,9.43396,15000,6.25,86,3
3182.KL,Genting Berhad,0.03,2015,8.5,8.58,25.1906,3270100,0.35,87,3
3182.KL,Genting Berhad,0.035,2016,8.5,8.58,25.1906,3270100,0.41,87,3
3182.KL,Genting Berhad,0.145,2017,8.5,8.58,25.1906,3270100,1.71,87,3
3204.KL,George Kent (Malaysia) Berhad,0.056,2015,1.36,1.35,7.33696,6269800,4.12,88,3
3204.KL,George Kent (Malaysia) Berhad,0.085,2016,1.36,1.35,7.33696,6269800,6.25,88,3
3204.KL,George Kent (Malaysia) Berhad,0.095,2017,1.36,1.35,7.33696,6269800,6.99,88,3
3255.KL,Heineken Malaysia Berhad,0.71,2015,21.98,21.58,26.699,141500,3.23,89,3
3255.KL,Heineken Malaysia Berhad,0.55,2016,21.98,21.58,26.699,141500,2.5,89,3
3255.KL,Heineken Malaysia Berhad,1.6,2017,21.98,21.58,26.699,141500,7.28,89,3
3298.KL,Hexza Corporation Berhad,0.045,2015,0.68,0.67,9.53333,44000,6.62,90,3
3298.KL,Hexza Corporation Berhad,0.045,2016,0.68,0.67,9.53333,44000,6.62,90,3
3298.KL,Hexza Corporation Berhad,0.05,2017,0.68,0.67,9.53333,44000,7.35,90,3
3301.KL,Hong Leong Industries Berhad,0.3,2015,11.2,11.2,16.0112,17700,2.68,91,3
3301.KL,Hong Leong Industries Berhad,0.34,2016,11.2,11.2,16.0112,17700,3.04,91,3
3301.KL,Hong Leong Industries Berhad,0.35,2017,11.2,11.2,16.0112,17700,3.12,91,3
3336.KL,IJM Corporation Berhad,0.14,2015,1.82,1.82,8.30275,8292700,7.69,92,3
3336.KL,IJM Corporation Berhad,0.07,2016,1.82,1.82,8.30275,8292700,3.85,92,3
3336.KL,IJM Corporation Berhad,0.075,2017,1.82,1.82,8.30275,8292700,4.12,92,3
3379.KL,Insas Berhad,0.010175,2015,0.87,0.87,7.97297,354800,1.17,93,3
3379.KL,Insas Berhad,0.01,2016,0.87,0.87,7.97297,354800,1.15,93,3
3379.KL,Insas Berhad,0.01,2017,0.87,0.87,7.97297,354800,1.15,93,3
3379.KL,Insas Berhad,0.01,2018,0.87,0.87,7.97297,354800,1.15,93,3
3379PA.KL,Insas Berhad,0.06,2015,0.95,0.95,8.55856,10000,6.32,94,3
3379PA.KL,Insas Berhad,0.04,2016,0.95,0.95,8.55856,10000,4.21,94,3
3379PA.KL,Insas Berhad,0.04,2017,0.95,0.95,8.55856,10000,4.21,94,3
3476.KL,Keck Seng Malaysia Bhd,0.1,2015,4.15,4.15,19.5755,29100,2.41,95,3
3476.KL,Keck Seng Malaysia Bhd,0.1,2016,4.15,4.15,19.5755,29100,2.41,95,3
3476.KL,Keck Seng Malaysia Bhd,0.1,2017,4.15,4.15,19.5755,29100,2.41,95,3
3514.KL,Marco Holdings Berhad,0.002,2015,0.14,0.14,7.10526,203000,1.43,96,3
3514.KL,Marco Holdings Berhad,0.007,2016,0.14,0.14,7.10526,203000,5,96,3
3514.KL,Marco Holdings Berhad,0.005,2017,0.14,0.14,7.10526,203000,3.57,96,3
3662.KL,Malayan Flour Mills Bhd,0.055,2015,1.4,1.42,23.6066,132400,3.93,97,3
3662.KL,Malayan Flour Mills Bhd,0.05,2016,1.4,1.42,23.6066,132400,3.57,97,3
3662.KL,Malayan Flour Mills Bhd,0.065,2017,1.4,1.42,23.6066,132400,4.64,97,3
3689.KL,Fraser & Neave Holdings Bhd,0.55,2015,37.52,38,36.4841,294700,1.47,98,3
3689.KL,Fraser & Neave Holdings Bhd,0.625,2016,37.52,38,36.4841,294700,1.67,98,3
3689.KL,Fraser & Neave Holdings Bhd,0.575,2017,37.52,38,36.4841,294700,1.53,98,3
3689.KL,Fraser & Neave Holdings Bhd,0.305,2018,37.52,38,36.4841,294700,0.81,98,3
3719.KL,Panasonic Manufacturing Malaysia Berhad,0.5,2015,37.76,37.74,15.55,6200,1.32,99,3
3719.KL,Panasonic Manufacturing Malaysia Berhad,1.39,2016,37.76,37.74,15.55,6200,3.68,99,3
3719.KL,Panasonic Manufacturing Malaysia Berhad,1.17,2017,37.76,37.74,15.55,6200,3.1,99,3
3816.KL,MISC Berhad,0.135,2015,5.91,5.97,,3156900,2.28,100,3
3816.KL,MISC Berhad,0.325,2016,5.91,5.97,,3156900,5.5,100,3
3816.KL,MISC Berhad,0.41,2017,5.91,5.97,,3156900,6.94,100,3
3859.KL,Magnum Berhad,0.175,2015,2.23,2.22,15.5556,653200,7.85,101,2
3859.KL,Magnum Berhad,0.135,2016,2.23,2.22,15.5556,653200,6.05,101,3
3859.KL,Magnum Berhad,0.1,2017,2.23,2.22,15.5556,653200,4.48,101,3
3867.KL,Malaysian Pacific Industries Berhad,0.21,2015,10.46,10.22,13.0273,134200,2.01,102,3
3867.KL,Malaysian Pacific Industries Berhad,0.23,2016,10.46,10.22,13.0273,134200,2.2,102,3
3867.KL,Malaysian Pacific Industries Berhad,0.29,2017,10.46,10.22,13.0273,134200,2.77,102,3
3883.KL,Muda Holdings Berhad,0.03,2015,1.9,1.89,18.2857,522800,1.58,103,3
3883.KL,Muda Holdings Berhad,0.03,2016,1.9,1.89,18.2857,522800,1.58,103,3
3883.KL,Muda Holdings Berhad,0.03,2017,1.9,1.89,18.2857,522800,1.58,103,3
3921.KL,MWE Holdings Bhd,0.02,2015,1.71,1.71,,109400,1.17,104,3
3921.KL,MWE Holdings Bhd,0.02,2016,1.71,1.71,,109400,1.17,104,3
3921.KL,MWE Holdings Bhd,0.02,2017,1.71,1.71,,109400,1.17,104,3
4006.KL,Oriental Holdings Bhd,0.18,2015,6.54,6.51,14.2484,209000,2.75,105,3
4006.KL,Oriental Holdings Bhd,0.18,2016,6.54,6.51,14.2484,209000,2.75,105,3
4006.KL,Oriental Holdings Bhd,0.2,2017,6.54,6.51,14.2484,209000,3.06,105,3
4065.KL,PPB Group Berhad,0.24,2015,19.3,19.02,21.4254,1347600,1.24,106,3
4065.KL,PPB Group Berhad,0.25,2016,19.3,19.02,21.4254,1347600,1.3,106,3
4065.KL,PPB Group Berhad,0.25,2017,19.3,19.02,21.4254,1347600,1.3,106,3
4162.KL,British American Tobacco Malaysia Bhd,3.12,2015,35.88,35.9,12.4271,616100,8.7,107,2
4162.KL,British American Tobacco Malaysia Bhd,2.33,2016,35.88,35.9,12.4271,616100,6.49,107,3
4162.KL,British American Tobacco Malaysia Bhd,2.03,2017,35.88,35.9,12.4271,616100,5.66,107,3
4197.KL,Sime Darby Berhad,0.25,2015,2.45,2.45,7.13873,14412100,10.2,108,1
4197.KL,Sime Darby Berhad,0.27,2016,2.45,2.45,7.13873,14412100,11.02,108,1
4197.KL,Sime Darby Berhad,0.23,2017,2.45,2.45,7.13873,14412100,9.39,108,1
4243.KL,WTK Holdings Bhd,0.0183,2015,0.575,0.575,4.64567,591500,3.18,109,3
4243.KL,WTK Holdings Bhd,0.0249,2016,0.575,0.575,4.64567,591500,4.33,109,3
4243.KL,WTK Holdings Bhd,0.02,2017,0.575,0.575,4.64567,591500,3.48,109,3
4251.KL,I-Berhad,0.0151,2015,0.49,0.49,13.2432,55500,3.08,110,3
4251.KL,I-Berhad,0.013,2016,0.49,0.49,13.2432,55500,2.65,110,3
4251.KL,I-Berhad,0.0188,2017,0.49,0.49,13.2432,55500,3.84,110,3
4383.KL,Jaya Tiasa Holdings Berhad,0.01,2015,0.7,0.7,12.193,319700,1.43,111,3
4383.KL,Jaya Tiasa Holdings Berhad,0.013,2016,0.7,0.7,12.193,319700,1.86,111,3
4383.KL,Jaya Tiasa Holdings Berhad,0.005,2017,0.7,0.7,12.193,319700,0.71,111,3
4405.KL,Tan Chong Motor Holdings Bhd,0.05,2015,1.82,1.82,108.235,12000,2.75,112,3
4405.KL,Tan Chong Motor Holdings Bhd,0.04,2016,1.82,1.82,108.235,12000,2.2,112,3
4405.KL,Tan Chong Motor Holdings Bhd,0.02,2017,1.82,1.82,108.235,12000,1.1,112,3
4448.KL,Tasek Corporation Berhad,0.9,2015,7,7.08,8.47458,1200,12.86,113,2
4448.KL,Tasek Corporation Berhad,0.8,2016,7,7.08,8.47458,1200,11.43,113,2
4448.KL,Tasek Corporation Berhad,0.6,2017,7,7.08,8.47458,1200,8.57,113,2
4502.KL,Media Prima Bhd,0.1,2015,0.495,0.5,4.15323,3335100,20.2,114,2
4502.KL,Media Prima Bhd,0.09,2016,0.495,0.5,4.15323,3335100,18.18,114,2
4502.KL,Media Prima Bhd,0.04,2017,0.495,0.5,4.15323,3335100,8.08,114,2
4634.KL,Pos Malaysia Berhad,0.131,2015,4,4,34.4444,126200,3.28,115,3
4634.KL,Pos Malaysia Berhad,0.117,2016,4,4,34.4444,126200,2.92,115,3
4634.KL,Pos Malaysia Berhad,0.107,2017,4,4,34.4444,126200,2.68,115,3
4677.KL,YTL Corporation Berhad,0.095,2015,1.1,1.09,13.2955,36692800,8.64,116,1
4677.KL,YTL Corporation Berhad,0.095,2016,1.1,1.09,13.2955,36692800,8.64,116,1
4677.KL,YTL Corporation Berhad,0.04902,2017,1.1,1.09,13.2955,36692800,4.46,116,1
4707.KL,Nestlé (Malaysia) Berhad,3.05,2015,147,148,54.9831,125100,2.07,117,3
4707.KL,Nestlé (Malaysia) Berhad,2.5,2016,147,148,54.9831,125100,1.7,117,3
4707.KL,Nestlé (Malaysia) Berhad,2.7,2017,147,148,54.9831,125100,1.84,117,3
4715.KL,Genting Malaysia Berhad,0.063,2015,4.92,4.94,26.6129,5349400,1.28,118,3
4715.KL,Genting Malaysia Berhad,0.073,2016,4.92,4.94,26.6129,5349400,1.48,118,3
4715.KL,Genting Malaysia Berhad,0.102,2017,4.92,4.94,26.6129,5349400,2.07,118,3
4731.KL,Scientex Berhad,0.22,2015,6.7,6.72,6.44573,689500,3.28,119,3
4731.KL,Scientex Berhad,0.35,2016,6.7,6.72,6.44573,689500,5.22,119,3
4731.KL,Scientex Berhad,0.16,2017,6.7,6.72,6.44573,689500,2.39,119,3
4863.KL,Telekom Malaysia Berhad,0.227,2015,3.66,3.67,15.2521,4582700,6.2,120,3
4863.KL,Telekom Malaysia Berhad,0.214,2016,3.66,3.67,15.2521,4582700,5.85,120,3
4863.KL,Telekom Malaysia Berhad,0.216,2017,3.66,3.67,15.2521,4582700,5.9,120,3
4898.KL,TA Enterprise Berhad,0.018,2015,0.655,0.655,,1911800,2.75,121,3
4898.KL,TA Enterprise Berhad,0.004,2016,0.655,0.655,,1911800,0.61,121,3
4898.KL,TA Enterprise Berhad,0.017,2017,0.655,0.655,,1911800,2.6,121,3
4944.KL,Nylex (Malaysia) Berhad,0.02,2015,0.635,0.615,17.5,38400,3.15,122,3
4944.KL,Nylex (Malaysia) Berhad,0.02,2016,0.635,0.615,17.5,38400,3.15,122,3
4944.KL,Nylex (Malaysia) Berhad,0.02,2017,0.635,0.615,17.5,38400,3.15,122,3
4952.KL,Amanah Harta Tanah PNB,0.072,2015,0.75,0.75,6.35593,20600,9.6,123,2
4952.KL,Amanah Harta Tanah PNB,0.065,2016,0.75,0.75,6.35593,20600,8.67,123,2
4952.KL,Amanah Harta Tanah PNB,0.015,2017,0.75,0.75,6.35593,20600,2,123,3
4952.KL,Amanah Harta Tanah PNB,0.025,2018,0.75,0.75,6.35593,20600,3.33,123,3
5000.KL,Hume Industries Berhad,0.03,2015,1.2,1.2,9.44882,105000,2.5,124,3
5000.KL,Hume Industries Berhad,0.03,2016,1.2,1.2,9.44882,105000,2.5,124,3
5000.KL,Hume Industries Berhad,0.02,2017,1.2,1.2,9.44882,105000,1.67,124,3
5005.KL,Unisem (M) Berhad,0.1,2015,2.42,2.42,11.1255,1841000,4.13,125,3
5005.KL,Unisem (M) Berhad,0.11,2016,2.42,2.42,11.1255,1841000,4.55,125,3
5005.KL,Unisem (M) Berhad,0.075,2017,2.42,2.42,11.1255,1841000,3.1,125,3
5007.KL,Chin Well Holdings Berhad,0.0584,2015,1.57,1.57,7.81095,149800,3.72,126,3
5007.KL,Chin Well Holdings Berhad,0.085,2016,1.57,1.57,7.81095,149800,5.41,126,3
5007.KL,Chin Well Holdings Berhad,0.068,2017,1.57,1.57,7.81095,149800,4.33,126,3
5008.KL,Harrisons Holdings (Malaysia) Berhad,0.3,2015,4,4.06,18.3486,5000,7.5,127,2
5008.KL,Harrisons Holdings (Malaysia) Berhad,0.15,2016,4,4.06,18.3486,5000,3.75,127,3
5008.KL,Harrisons Holdings (Malaysia) Berhad,0.25,2017,4,4.06,18.3486,5000,6.25,127,3
5009.KL,White Horse Bhd,0.1,2015,1.88,1.85,16.087,20000,5.32,128,3
5009.KL,White Horse Bhd,0.1,2016,1.88,1.85,16.087,20000,5.32,128,3
5009.KL,White Horse Bhd,0.05,2017,1.88,1.85,16.087,20000,2.66,128,3
5010.KL,Tong Herr Resources Bhd,0.06,2015,3.33,3.34,69.5833,17400,1.8,129,3
5010.KL,Tong Herr Resources Bhd,0.2,2016,3.33,3.34,69.5833,17400,6.01,129,3
5010.KL,Tong Herr Resources Bhd,0.38,2017,3.33,3.34,69.5833,17400,11.41,129,2
5012.KL,TA Ann Holdings Bhd,0.2,2015,2.6,2.6,6.75192,206500,7.69,130,2
5012.KL,TA Ann Holdings Bhd,0.15,2016,2.6,2.6,6.75192,206500,5.77,130,3
5012.KL,TA Ann Holdings Bhd,0.1,2017,2.6,2.6,6.75192,206500,3.85,130,3
5014.KL,Malaysia Airports Holdings Bhd,0.076,2015,8.62,8.8,,3809600,0.88,131,3
5014.KL,Malaysia Airports Holdings Bhd,0.085,2016,8.62,8.8,,3809600,0.99,131,3
5014.KL,Malaysia Airports Holdings Bhd,0.11,2017,8.62,8.8,,3809600,1.28,131,3
5015.KL,APM Automotive Holdings Berhad,0.195,2015,3.58,3.63,13.6466,1200,5.45,132,3
5015.KL,APM Automotive Holdings Berhad,0.17,2016,3.58,3.63,13.6466,1200,4.75,132,3
5015.KL,APM Automotive Holdings Berhad,0.145,2017,3.58,3.63,13.6466,1200,4.05,132,3
5016.KL,Warisan TC Holdings Bhd,0.07,2015,2.02,2.02,,200,3.47,133,3
5016.KL,Warisan TC Holdings Bhd,0.065,2016,2.02,2.02,,200,3.22,133,3
5016.KL,Warisan TC Holdings Bhd,0.03,2017,2.02,2.02,,200,1.49,133,3
5020.KL,Glomac Berhad,0.0425,2015,0.455,0.455,4.01786,77700,9.34,134,2
5020.KL,Glomac Berhad,0.04,2016,0.455,0.455,4.01786,77700,8.79,134,2
5020.KL,Glomac Berhad,0.03,2017,0.455,0.455,4.01786,77700,6.59,134,3
5022.KL,Paos Holdings Berhad,0.025,2015,0.4,0.38,14.8148,11000,6.25,135,3
5022.KL,Paos Holdings Berhad,0.025,2016,0.4,0.38,14.8148,11000,6.25,135,3
5022.KL,Paos Holdings Berhad,0.016,2017,0.4,0.38,14.8148,11000,4,135,3
5024.KL,Hup Seng Industries Bhd,0.035,2015,1.08,1.08,15.6522,28900,3.24,136,3
5024.KL,Hup Seng Industries Bhd,0.04,2016,1.08,1.08,15.6522,28900,3.7,136,3
5024.KL,Hup Seng Industries Bhd,0.06,2017,1.08,1.08,15.6522,28900,5.56,136,3
5026.KL,MHC Plantations Bhd,0.02,2015,0.705,0.705,,18000,2.84,137,3
5026.KL,MHC Plantations Bhd,0.015,2016,0.705,0.705,,18000,2.13,137,3
5026.KL,MHC Plantations Bhd,0.015,2017,0.705,0.705,,18000,2.13,137,3
5027.KL,Kim Loong Resources Berhad,0.13,2015,1.31,1.32,5.80786,29300,9.92,138,2
5027.KL,Kim Loong Resources Berhad,0.13,2016,1.31,1.32,5.80786,29300,9.92,138,2
5027.KL,Kim Loong Resources Berhad,0.17,2017,1.31,1.32,5.80786,29300,12.98,138,2
5029.KL,Far East Holdings Bhd,0.3,2015,10.5,10.5,21.0421,100,2.86,139,3
5029.KL,Far East Holdings Bhd,0.25,2016,10.5,10.5,21.0421,100,2.38,139,3
5029.KL,Far East Holdings Bhd,0.5,2017,10.5,10.5,21.0421,100,4.76,139,3
5031.KL,Time Dotcom Bhd.,0.056,2015,8.37,8.37,10.7603,103500,0.67,140,3
5031.KL,Time Dotcom Bhd.,0.067,2016,8.37,8.37,10.7603,103500,0.8,140,3
5031.KL,Time Dotcom Bhd.,0.066,2017,8.37,8.37,10.7603,103500,0.79,140,3
5032.KL,Bintulu Port Holdings Bhd,0.22,2015,5.52,5.52,19.2335,600,3.99,141,3
5032.KL,Bintulu Port Holdings Bhd,0.24,2016,5.52,5.52,19.2335,600,4.35,141,3
5032.KL,Bintulu Port Holdings Bhd,0.21,2017,5.52,5.52,19.2335,600,3.8,141,3
5041.KL,PBA Holdings Bhd,0.0375,2015,1.21,1.21,9.52756,90100,3.1,142,3
5041.KL,PBA Holdings Bhd,0.0375,2016,1.21,1.21,9.52756,90100,3.1,142,3
5041.KL,PBA Holdings Bhd,0.04,2017,1.21,1.21,9.52756,90100,3.31,142,3
5047.KL,NPC Resources Bhd,0.01,2015,2,2,,2900,0.5,143,3
5047.KL,NPC Resources Bhd,0.01,2016,2,2,,2900,0.5,143,3
5047.KL,NPC Resources Bhd,0.01,2017,2,2,,2900,0.5,143,3
5049.KL,Country View Bhd,0.13,2015,1.4,1.4,8.9172,2000,9.29,144,2
5049.KL,Country View Bhd,0.1,2016,1.4,1.4,8.9172,2000,7.14,144,2
5049.KL,Country View Bhd,0.05,2017,1.4,1.4,8.9172,2000,3.57,144,3
5053.KL,OSK Holdings Berhad,0.075,2015,0.99,0.98,2.06751,343200,7.58,145,2
5053.KL,OSK Holdings Berhad,0.05,2016,0.99,0.98,2.06751,343200,5.05,145,3
5053.KL,OSK Holdings Berhad,0.075,2017,0.99,0.98,2.06751,343200,7.58,145,2
5054.KL,TRC Synergy Bhd,0.0018,2015,0.44,0.45,8.03571,160600,0.41,146,3
5054.KL,TRC Synergy Bhd,0.0065,2016,0.44,0.45,8.03571,160600,1.48,146,3
5054.KL,TRC Synergy Bhd,0.019,2017,0.44,0.45,8.03571,160600,4.32,146,3
5056.KL,Engtex Group Bhd,0.01,2015,1,1.01,8.97436,292800,1,147,3
5056.KL,Engtex Group Bhd,0.0075,2016,1,1.01,8.97436,292800,0.75,147,3
5056.KL,Engtex Group Bhd,0.0275,2017,1,1.01,8.97436,292800,2.75,147,3
5062.KL,Hua Yang Bhd,0.13,2015,0.47,0.46,1.1271,204900,27.66,148,2
5062.KL,Hua Yang Bhd,0.05,2016,0.47,0.46,1.1271,204900,10.64,148,2
5062.KL,Hua Yang Bhd,0.04,2017,0.47,0.46,1.1271,204900,8.51,148,2
5065.KL,Ornapaper Bhd,0.025,2015,1.27,1.27,15.7317,185800,1.97,149,3
5065.KL,Ornapaper Bhd,0.03,2016,1.27,1.27,15.7317,185800,2.36,149,3
5065.KL,Ornapaper Bhd,0.025,2017,1.27,1.27,15.7317,185800,1.97,149,3
5066.KL,NTPM Holdings Berhad,0.00725,2015,0.565,0.565,11.1765,406300,1.28,150,3
5066.KL,NTPM Holdings Berhad,0.032,2016,0.565,0.565,11.1765,406300,5.66,150,3
5066.KL,NTPM Holdings Berhad,0.016,2017,0.565,0.565,11.1765,406300,2.83,150,3
5069.KL,Bld Plantation Bhd,0.04,2015,8,8,216.216,5000,0.5,151,3
5069.KL,Bld Plantation Bhd,0.02,2016,8,8,216.216,5000,0.25,151,3
5069.KL,Bld Plantation Bhd,0.04,2017,8,8,216.216,5000,0.5,151,3
5070.KL,Protasco Bhd,0.08,2015,0.5,0.5,2.475,1084400,16,152,2
5070.KL,Protasco Bhd,0.05,2016,0.5,0.5,2.475,1084400,10,152,2
5070.KL,Protasco Bhd,0.06,2017,0.5,0.5,2.475,1084400,12,152,2
5070.KL,Protasco Bhd,0.03,2018,0.5,0.5,2.475,1084400,6,152,3
5071.KL,Coastal Contracts Bhd,0.058,2015,0.99,0.99,3.78846,168200,5.86,153,3
5071.KL,Coastal Contracts Bhd,0.03,2016,0.99,0.99,3.78846,168200,3.03,153,3
5071.KL,Coastal Contracts Bhd,0.02,2017,0.99,0.99,3.78846,168200,2.02,153,3
5072.KL,Hiap Teck Venture Bhd,0.006,2015,0.375,0.37,,2987300,1.6,154,3
5072.KL,Hiap Teck Venture Bhd,0.003,2016,0.375,0.37,,2987300,0.8,154,3
5072.KL,Hiap Teck Venture Bhd,0.003,2017,0.375,0.37,,2987300,0.8,154,3
5075.KL,Plenitude Berhad,0.045,2015,1.53,1.55,4.39093,100,2.94,155,3
5075.KL,Plenitude Berhad,0.045,2016,1.53,1.55,4.39093,100,2.94,155,3
5075.KL,Plenitude Berhad,0.045,2017,1.53,1.55,4.39093,100,2.94,155,3
5080.KL,Poh Kong Holdings Bhd,0.01,2015,0.495,0.49,50,85100,2.02,156,3
5080.KL,Poh Kong Holdings Bhd,0.01,2016,0.495,0.49,50,85100,2.02,156,3
5080.KL,Poh Kong Holdings Bhd,0.01,2017,0.495,0.49,50,85100,2.02,156,3
5080.KL,Poh Kong Holdings Bhd,0.01,2018,0.495,0.49,50,85100,2.02,156,3
5084.KL,Ibraco Berhad,0.035,2015,0.51,0.51,5.15151,100,6.86,157,2
5084.KL,Ibraco Berhad,0.035,2016,0.51,0.51,5.15151,100,6.86,157,2
5084.KL,Ibraco Berhad,0.02,2018,0.51,0.51,5.15151,100,3.92,157,3
5088.KL,Apex Equity Holdings Berhad,0.12,2015,1.04,1,12.3171,15000,11.54,158,2
5088.KL,Apex Equity Holdings Berhad,0.05,2016,1.04,1,12.3171,15000,4.81,158,3
5088.KL,Apex Equity Holdings Berhad,0.05,2017,1.04,1,12.3171,15000,4.81,158,3
5090.KL,Media Chinese International Limited,0.07753,2015,0.32,0.31,19.375,148500,24.23,159,2
5090.KL,Media Chinese International Limited,0.07434,2016,0.32,0.31,19.375,148500,23.23,159,2
5090.KL,Media Chinese International Limited,0.0584,2017,0.32,0.31,19.375,148500,18.25,159,2
5092.KL,LCTH Corp. Bhd,0.01,2015,0.575,0.58,9.58333,524900,1.74,160,3
5092.KL,LCTH Corp. Bhd,0.04,2016,0.575,0.58,9.58333,524900,6.96,160,2
5092.KL,LCTH Corp. Bhd,0.025,2017,0.575,0.58,9.58333,524900,4.35,160,3
5094.KL,CSC Steel Holdings Bhd,0.03,2015,1.32,1.32,8.34395,116700,2.27,161,3
5094.KL,CSC Steel Holdings Bhd,0.08,2016,1.32,1.32,8.34395,116700,6.06,161,3
5094.KL,CSC Steel Holdings Bhd,0.1,2017,1.32,1.32,8.34395,116700,7.58,161,2
5095.KL,HeveaBoard Bhd,0.05,2015,0.785,0.79,5.47619,185500,6.37,162,3
5095.KL,HeveaBoard Bhd,0.0435,2016,0.785,0.79,5.47619,185500,5.54,162,3
5095.KL,HeveaBoard Bhd,0.077,2017,0.785,0.79,5.47619,185500,9.81,162,2
5099.KL,AirAsia Berhad,0.03,2015,3.09,3.09,6.83516,4937900,0.97,163,3
5099.KL,AirAsia Berhad,0.04,2016,3.09,3.09,6.83516,4937900,1.29,163,3
5099.KL,AirAsia Berhad,0.24,2017,3.09,3.09,6.83516,4937900,7.77,163,2
5100.KL,BP Plastics Holding Bhd,0.06,2015,0.97,1,7.51938,14700,6.19,164,3
5100.KL,BP Plastics Holding Bhd,0.09,2016,0.97,1,7.51938,14700,9.28,164,2
5100.KL,BP Plastics Holding Bhd,0.06,2017,0.97,1,7.51938,14700,6.19,164,3
5105.KL,Can-One Berhad,0.05,2015,2.43,2.42,6.09572,88200,2.06,165,3
5105.KL,Can-One Berhad,0.04,2016,2.43,2.42,6.09572,88200,1.65,165,3
5105.KL,Can-One Berhad,0.04,2017,2.43,2.42,6.09572,88200,1.65,165,3
5106.KL,Axis Real Estate Investment Trust,0.1205,2015,1.53,1.56,16.8889,21600,7.88,166,2
5106.KL,Axis Real Estate Investment Trust,0.0815,2016,1.53,1.56,16.8889,21600,5.33,166,3
5106.KL,Axis Real Estate Investment Trust,0.0919,2017,1.53,1.56,16.8889,21600,6.01,166,3
5106.KL,Axis Real Estate Investment Trust,0.0092,2018,1.53,1.56,16.8889,21600,0.6,166,3
5107.KL,IQ Group Holdings Berhad,0.08,2015,1.37,1.37,5.78059,4100,5.84,167,3
5107.KL,IQ Group Holdings Berhad,0.11,2016,1.37,1.37,5.78059,4100,8.03,167,2
5107.KL,IQ Group Holdings Berhad,0.11,2017,1.37,1.37,5.78059,4100,8.03,167,2
5109.KL,YTL Hospitality REIT,0.072287,2015,1.15,1.15,27.619,204900,6.29,168,3
5109.KL,YTL Hospitality REIT,0.006549,2016,1.15,1.15,27.619,204900,0.57,168,3
5109.KL,YTL Hospitality REIT,0.058836,2017,1.15,1.15,27.619,204900,5.12,168,3
5110.KL,Uoa Real Estate Investment,0.015,2015,1.48,1.45,5.59387,15100,1.01,169,3
5110.KL,Uoa Real Estate Investment,0.009,2016,1.48,1.45,5.59387,15100,0.61,169,3
5110.KL,Uoa Real Estate Investment,0.0442,2017,1.48,1.45,5.59387,15100,2.99,169,3
5110.KL,Uoa Real Estate Investment,0.0437,2018,1.48,1.45,5.59387,15100,2.95,169,3
5111.KL,Tower Real Estate Investment Trust,0.0323,2015,0.975,0.98,9.7,11500,3.31,170,3
5111.KL,Tower Real Estate Investment Trust,0.034,2016,0.975,0.98,9.7,11500,3.49,170,3
5111.KL,Tower Real Estate Investment Trust,0.0327,2017,0.975,0.98,9.7,11500,3.35,170,3
5116.KL,Al-'Aqar Healthcare REIT,0.075,2015,1.25,1.29,12.8866,56000,6,171,3
5116.KL,Al-'Aqar Healthcare REIT,0.035,2016,1.25,1.29,12.8866,56000,2.8,171,3
5116.KL,Al-'Aqar Healthcare REIT,0.0755,2017,1.25,1.29,12.8866,56000,6.04,171,3
5116.KL,Al-'Aqar Healthcare REIT,0.0395,2018,1.25,1.29,12.8866,56000,3.16,171,3
5120.KL,AmFirst Real Estate Investment Trust,0.0002,2015,0.605,0.605,6.05,365200,0.03,172,3
5120.KL,AmFirst Real Estate Investment Trust,0.0214,2016,0.605,0.605,6.05,365200,3.54,172,3
5120.KL,AmFirst Real Estate Investment Trust,0.0396,2017,0.605,0.605,6.05,365200,6.55,172,3
5121.KL,Hektar Real Estate Investment Trust,0.105,2015,1.22,1.22,110.909,5400,8.61,173,2
5121.KL,Hektar Real Estate Investment Trust,0.105,2016,1.22,1.22,110.909,5400,8.61,173,2
5121.KL,Hektar Real Estate Investment Trust,0.09,2017,1.22,1.22,110.909,5400,7.38,173,2
5123.KL,MRCB-Quill REIT,0.02,2015,1.14,1.16,11.1765,31200,1.75,174,3
5123.KL,MRCB-Quill REIT,0.0016,2016,1.14,1.16,11.1765,31200,0.14,174,3
5123.KL,MRCB-Quill REIT,0.0415,2017,1.14,1.16,11.1765,31200,3.64,174,3
5123.KL,MRCB-Quill REIT,0.0416,2018,1.14,1.16,11.1765,31200,3.65,174,3
5125.KL,Pantech Group Holdings Bhd,0.02195,2015,0.59,0.59,9.43548,150500,3.72,175,3
5125.KL,Pantech Group Holdings Bhd,0.01995,2016,0.59,0.59,9.43548,150500,3.38,175,3
5125.KL,Pantech Group Holdings Bhd,0.018,2017,0.59,0.59,9.43548,150500,3.05,175,3
5125.KL,Pantech Group Holdings Bhd,0.005,2018,0.59,0.59,9.43548,150500,0.85,175,3
5126.KL,Sarawak Oil Palms Bhd,0.05,2015,3.2,3.2,13.4177,14000,1.56,176,3
5126.KL,Sarawak Oil Palms Bhd,0.05,2016,3.2,3.2,13.4177,14000,1.56,176,3
5126.KL,Sarawak Oil Palms Bhd,0.05,2017,3.2,3.2,13.4177,14000,1.56,176,3
5127.KL,AmanahRaya Real Estate Investment Trust,0.06297,2015,0.855,0.855,4.91379,5000,7.36,177,2
5127.KL,AmanahRaya Real Estate Investment Trust,0.062835,2016,0.855,0.855,4.91379,5000,7.35,177,2
5127.KL,AmanahRaya Real Estate Investment Trust,0.055312,2017,0.855,0.855,4.91379,5000,6.47,177,3
5129.KL,Melati Ehsan Holdings Berhad,0.0275,2015,0.605,0.57,5.76191,8400,4.55,178,3
5129.KL,Melati Ehsan Holdings Berhad,0.0175,2016,0.605,0.57,5.76191,8400,2.89,178,3
5129.KL,Melati Ehsan Holdings Berhad,0.0175,2017,0.605,0.57,5.76191,8400,2.89,178,3
5129.KL,Melati Ehsan Holdings Berhad,0.01,2018,0.605,0.57,5.76191,8400,1.65,178,3
5130.KL,Atrium Real Estate Investment Trust,0.0875,2015,1.07,1.08,8.78049,11500,8.18,179,2
5130.KL,Atrium Real Estate Investment Trust,0.056,2016,1.07,1.08,8.78049,11500,5.23,179,3
5130.KL,Atrium Real Estate Investment Trust,0.0715,2017,1.07,1.08,8.78049,11500,6.68,179,2
5131.KL,Zhulian Corporation Berhad,0.065,2015,1.42,1.45,13.9806,20000,4.58,180,3
5131.KL,Zhulian Corporation Berhad,0.06,2016,1.42,1.45,13.9806,20000,4.23,180,3
5131.KL,Zhulian Corporation Berhad,0.06,2017,1.42,1.45,13.9806,20000,4.23,180,3
5131.KL,Zhulian Corporation Berhad,0.015,2018,1.42,1.45,13.9806,20000,1.06,180,3
5132.KL,Deleum Berhad,0.07,2015,0.99,0.99,9.43925,33500,7.07,181,2
5132.KL,Deleum Berhad,0.0475,2016,0.99,0.99,9.43925,33500,4.8,181,3
5132.KL,Deleum Berhad,0.0325,2017,0.99,0.99,9.43925,33500,3.28,181,3
5133.KL,Petra Energy Berhad,0.02,2015,0.415,0.415,4.02542,361300,4.82,182,3
5133.KL,Petra Energy Berhad,0.05,2016,0.415,0.415,4.02542,361300,12.05,182,2
5133.KL,Petra Energy Berhad,0.02,2017,0.415,0.415,4.02542,361300,4.82,182,3
5134.KL,Southern Acids M Bhd,0.05,2015,3.8,3.8,20.7692,14900,1.32,183,3
5134.KL,Southern Acids M Bhd,0.05,2016,3.8,3.8,20.7692,14900,1.32,183,3
5134.KL,Southern Acids M Bhd,0.05,2017,3.8,3.8,20.7692,14900,1.32,183,3
5138.KL,Hap Seng Plantations Holdings Bhd,0.08,2015,2.21,2.27,18.5714,108300,3.62,184,3
5138.KL,Hap Seng Plantations Holdings Bhd,0.08,2016,2.21,2.27,18.5714,108300,3.62,184,3
5138.KL,Hap Seng Plantations Holdings Bhd,0.13,2017,2.21,2.27,18.5714,108300,5.88,184,3
5139.KL,Aeon Credit Service M Bhd,0.5945,2015,14.38,14.48,9.46746,36800,4.13,185,3
5139.KL,Aeon Credit Service M Bhd,0.601,2016,14.38,14.48,9.46746,36800,4.18,185,3
5139.KL,Aeon Credit Service M Bhd,0.5363,2017,14.38,14.48,9.46746,36800,3.73,185,3
5140.KL,TASCO Berhad,0.09,2015,1.8,1.78,11.5033,10000,5,186,3
5140.KL,TASCO Berhad,0.045,2016,1.8,1.78,11.5033,10000,2.5,186,3
5140.KL,TASCO Berhad,0.045,2017,1.8,1.78,11.5033,10000,2.5,186,3
5143.KL,Luxchem Corporation Bhd,0.08,2015,0.625,0.625,3.72727,464400,12.8,187,2
5143.KL,Luxchem Corporation Bhd,0.07,2016,0.625,0.625,3.72727,464400,11.2,187,2
5143.KL,Luxchem Corporation Bhd,0.07,2017,0.625,0.625,3.72727,464400,11.2,187,2
5147.KL,Samchem Holdings Bhd,0.045,2015,1.01,1.01,34.3333,302200,4.46,188,3
5147.KL,Samchem Holdings Bhd,0.06,2016,1.01,1.01,34.3333,302200,5.94,188,3
5147.KL,Samchem Holdings Bhd,0.03,2017,1.01,1.01,34.3333,302200,2.97,188,3
5152.KL,Muar Ban Lee Group Berhad,0.03,2015,0.96,0.96,11.3125,96300,3.12,189,3
5152.KL,Muar Ban Lee Group Berhad,0.02,2016,0.96,0.96,11.3125,96300,2.08,189,3
5152.KL,Muar Ban Lee Group Berhad,0.02,2017,0.96,0.96,11.3125,96300,2.08,189,3
5158.KL,TA Global Berhad,0.01,2015,0.315,0.315,,172000,3.17,190,3
5158.KL,TA Global Berhad,0.0025,2016,0.315,0.315,,172000,0.79,190,3
5158.KL,TA Global Berhad,0.004,2017,0.315,0.315,,172000,1.27,190,3
5159.KL,Yoong Onn Corporation Berhad,0.04,2015,1.19,1.2,,36400,3.36,191,3
5159.KL,Yoong Onn Corporation Berhad,0.06,2016,1.19,1.2,,36400,5.04,191,3
5159.KL,Yoong Onn Corporation Berhad,0.05,2017,1.19,1.2,,36400,4.2,191,3
5160.KL,Homeritz Corporation Berhad,0.046,2015,0.62,0.615,6.27551,76000,7.42,192,2
5160.KL,Homeritz Corporation Berhad,0.045,2016,0.62,0.615,6.27551,76000,7.26,192,2
5160.KL,Homeritz Corporation Berhad,0.05,2017,0.62,0.615,6.27551,76000,8.06,192,2
5160.KL,Homeritz Corporation Berhad,0.022,2018,0.62,0.615,6.27551,76000,3.55,192,3
5161.KL,JCY International Berhad,0.0675,2015,0.29,0.29,4.27536,84100,23.28,193,2
5161.KL,JCY International Berhad,0.05,2016,0.29,0.29,4.27536,84100,17.24,193,2
5161.KL,JCY International Berhad,0.0375,2017,0.29,0.29,4.27536,84100,12.93,193,2
5162.KL,ECS ICT Berhad,0.06,2015,1.05,1.07,6.6879,12000,5.71,194,0
5162.KL,ECS ICT Berhad,0.06,2016,1.05,1.07,6.6879,12000,5.71,194,0
5162.KL,ECS ICT Berhad,0.055,2017,1.05,1.07,6.6879,12000,5.24,194,3
5168.KL,Hartalega Holdings Berhad,0.12,2015,5.9,5.95,,2445300,2.03,195,3
5168.KL,Hartalega Holdings Berhad,0.08,2016,5.9,5.95,,2445300,1.36,195,3
5168.KL,Hartalega Holdings Berhad,0.1,2017,5.9,5.95,,2445300,1.69,195,3
5170.KL,Sarawak Cable Berhad,0.035,2015,0.42,0.41,4.48454,56900,8.33,196,2
5170.KL,Sarawak Cable Berhad,0.05,2016,0.42,0.41,4.48454,56900,11.9,196,2
5170.KL,Sarawak Cable Berhad,0.03,2017,0.42,0.41,4.48454,56900,7.14,196,2
5171.KL,Kimlun Corporation Berhad,0.038,2015,1.39,1.39,5.55102,973900,2.73,197,3
5171.KL,Kimlun Corporation Berhad,0.058,2016,1.39,1.39,5.55102,973900,4.17,197,3
5171.KL,Kimlun Corporation Berhad,0.065,2017,1.39,1.39,5.55102,973900,4.68,197,0
5176.KL,Sunway Real Estate Investment Trust,0.0195,2015,1.7,1.72,8.94737,1195700,1.15,198,3
5176.KL,Sunway Real Estate Investment Trust,0.0226,2016,1.7,1.72,8.94737,1195700,1.33,198,3
5176.KL,Sunway Real Estate Investment Trust,0.0912,2017,1.7,1.72,8.94737,1195700,5.36,198,0
5180.KL,CapitaLand Malaysia Mall Trust,0.0899,2015,1.23,1.23,10.5128,89000,7.31,199,2
5180.KL,CapitaLand Malaysia Mall Trust,0.0819,2016,1.23,1.23,10.5128,89000,6.66,199,2
5180.KL,CapitaLand Malaysia Mall Trust,0.0821,2017,1.23,1.23,10.5128,89000,6.67,199,2
5180.KL,CapitaLand Malaysia Mall Trust,0.0408,2018,1.23,1.23,10.5128,89000,3.32,199,3
5181.KL,SIG Gases Berhad,0.007,2015,0.82,0.8,17.5,123800,0.85,200,3
5181.KL,SIG Gases Berhad,0.012,2016,0.82,0.8,17.5,123800,1.46,200,3
5181.KL,SIG Gases Berhad,0.012,2017,0.82,0.8,17.5,123800,1.46,200,3
5183.KL,Petronas Chemicals Group Berhad,0.16,2015,8.36,8.36,,7025000,1.91,201,3
5183.KL,Petronas Chemicals Group Berhad,0.17,2016,8.36,8.36,,7025000,2.03,201,3
5183.KL,Petronas Chemicals Group Berhad,0.24,2017,8.36,8.36,,7025000,2.87,201,3
5184.KL,Cypark Resources Berhad,0.05,2015,2.34,2.33,12.0513,8700,2.14,202,3
5184.KL,Cypark Resources Berhad,0.05,2016,2.34,2.33,12.0513,8700,2.14,202,3
5184.KL,Cypark Resources Berhad,0.052,2017,2.34,2.33,12.0513,8700,2.22,202,3
5185.KL,Affin Holdings Bhd,0.0299,2015,2.6,2.59,11.1111,492600,1.15,203,3
5185.KL,Affin Holdings Bhd,0.08,2016,2.6,2.59,11.1111,492600,3.08,203,0
5185.KL,Affin Holdings Bhd,0.07,2017,2.6,2.59,11.1111,492600,2.69,203,0
5190.KL,Benalec Holdings Berhad,0.003,2015,0.265,0.26,14.7222,332300,1.13,204,3
5190.KL,Benalec Holdings Berhad,0.003,2016,0.265,0.26,14.7222,332300,1.13,204,3
5190.KL,Benalec Holdings Berhad,0.007,2017,0.265,0.26,14.7222,332300,2.64,204,0
5190.KL,Benalec Holdings Berhad,0.004,2018,0.265,0.26,14.7222,332300,1.51,204,3
5191.KL,Tambun Indah Land Berhad,0.097,2015,0.795,0.795,3.6036,248900,12.2,205,2
5191.KL,Tambun Indah Land Berhad,0.09,2016,0.795,0.795,3.6036,248900,11.32,205,2
5191.KL,Tambun Indah Land Berhad,0.1,2017,0.795,0.795,3.6036,248900,12.58,205,2
5191.KL,Tambun Indah Land Berhad,0.03,2018,0.795,0.795,3.6036,248900,3.77,205,0
5192.KL,K.Seng Seng Corporation Bhd.,0.02,2015,0.39,0.39,35.4545,5000,5.13,206,0
5192.KL,K.Seng Seng Corporation Bhd.,0.008,2016,0.39,0.39,35.4545,5000,2.05,206,0
5192.KL,K.Seng Seng Corporation Bhd.,0.015,2017,0.39,0.39,35.4545,5000,3.85,206,0
5196.KL,Berjaya Food Berhad,0.0675,2015,1.68,1.68,27.541,10000,4.02,207,0
5196.KL,Berjaya Food Berhad,0.0375,2016,1.68,1.68,27.541,10000,2.23,207,0
5196.KL,Berjaya Food Berhad,0.04,2017,1.68,1.68,27.541,10000,2.38,207,0
5196.KL,Berjaya Food Berhad,0.01,2018,1.68,1.68,27.541,10000,0.6,207,3
5200.KL,UOA Development Bhd,0.13,2015,2.53,2.5,8.65979,2336900,5.14,208,0
5200.KL,UOA Development Bhd,0.15,2016,2.53,2.5,8.65979,2336900,5.93,208,0
5200.KL,UOA Development Bhd,0.15,2017,2.53,2.5,8.65979,2336900,5.93,208,0
5202.KL,MSM Malaysia Holdings Berhad,0.26,2015,3.8,3.62,,10000,6.84,209,2
5202.KL,MSM Malaysia Holdings Berhad,0.24,2016,3.8,3.62,,10000,6.32,209,0
5202.KL,MSM Malaysia Holdings Berhad,0.04,2017,3.8,3.62,,10000,1.05,209,0
5204.KL,Prestariang Berhad,0.0325,2015,1.18,1.16,33.8235,268600,2.75,210,0
5204.KL,Prestariang Berhad,0.0325,2016,1.18,1.16,33.8235,268600,2.75,210,0
5204.KL,Prestariang Berhad,0.03,2017,1.18,1.16,33.8235,268600,2.54,210,0
5208.KL,EITA Resources Berhad,0.04,2015,1.3,1.3,10.4,86000,3.08,211,0
5208.KL,EITA Resources Berhad,0.04,2016,1.3,1.3,10.4,86000,3.08,211,0
5208.KL,EITA Resources Berhad,0.04,2017,1.3,1.3,10.4,86000,3.08,211,0
5208.KL,EITA Resources Berhad,0.03,2018,1.3,1.3,10.4,86000,2.31,211,0
5209.KL,Gas Malaysia Berhad,0.1156,2015,2.92,2.89,35.6098,218700,3.96,212,0
5209.KL,Gas Malaysia Berhad,0.0877,2016,2.92,2.89,35.6098,218700,3,212,0
5209.KL,Gas Malaysia Berhad,0.1286,2017,2.92,2.89,35.6098,218700,4.4,212,0
5211.KL,Sunway Berhad,0.11,2015,1.62,1.61,3.62812,1477300,6.79,213,2
5211.KL,Sunway Berhad,0.11,2016,1.62,1.61,3.62812,1477300,6.79,213,2
5211.KL,Sunway Berhad,0.07,2017,1.62,1.61,3.62812,1477300,4.32,213,0
5212.KL,Pavilion Real Estate Investment Trust,0.002,2015,1.54,1.53,16.4894,6200,0.13,214,0
5212.KL,Pavilion Real Estate Investment Trust,0.0023,2016,1.54,1.53,16.4894,6200,0.15,214,0
5212.KL,Pavilion Real Estate Investment Trust,0.0398,2017,1.54,1.53,16.4894,6200,2.58,214,0
5212.KL,Pavilion Real Estate Investment Trust,0.0428,2018,1.54,1.53,16.4894,6200,2.78,214,0
5216.KL,Datasonic Group Berhad,0.02,2015,0.96,0.965,20.4255,753500,2.08,215,0
5216.KL,Datasonic Group Berhad,0.04,2016,0.96,0.965,20.4255,753500,4.17,215,0
5216.KL,Datasonic Group Berhad,0.04,2017,0.96,0.965,20.4255,753500,4.17,215,0
5222.KL,Felda Global Ventures Holdings Berhad,0.06,2015,1.52,1.52,153,5689300,3.95,216,0
5222.KL,Felda Global Ventures Holdings Berhad,0.02,2016,1.52,1.52,153,5689300,1.32,216,0
5222.KL,Felda Global Ventures Holdings Berhad,0.06,2017,1.52,1.52,153,5689300,3.95,216,0
5225.KL,IHH Healthcare Berhad,0.03,2015,5.96,5.96,48.595,5311500,0.5,217,0
5225.KL,IHH Healthcare Berhad,0.03,2016,5.96,5.96,48.595,5311500,0.5,217,0
5225.KL,IHH Healthcare Berhad,0.03,2017,5.96,5.96,48.595,5311500,0.5,217,0
5227.KL,IGB Real Estate Investment Trust,0.0015,2015,1.67,1.67,22.4324,48200,0.09,218,0
5227.KL,IGB Real Estate Investment Trust,0.0021,2016,1.67,1.67,22.4324,48200,0.13,218,0
5227.KL,IGB Real Estate Investment Trust,0.0442,2017,1.67,1.67,22.4324,48200,2.65,218,0
5227.KL,IGB Real Estate Investment Trust,0.049,2018,1.67,1.67,22.4324,48200,2.93,218,0
5228.KL,ELK-Desa Resources Berhad,0.075,2015,1.16,1.16,13.2584,30000,6.47,219,0
5228.KL,ELK-Desa Resources Berhad,0.0675,2016,1.16,1.16,13.2584,30000,5.82,219,0
5228.KL,ELK-Desa Resources Berhad,0.0675,2017,1.16,1.16,13.2584,30000,5.82,219,0
5228.KL,ELK-Desa Resources Berhad,0.0325,2018,1.16,1.16,13.2584,30000,2.8,219,0
5230.KL,Tune Protect Group Berhad,0.0404,2015,0.895,0.895,9.15,3511600,4.51,220,0
5230.KL,Tune Protect Group Berhad,0.05,2016,0.895,0.895,9.15,3511600,5.59,220,0
5230.KL,Tune Protect Group Berhad,0.052,2017,0.895,0.895,9.15,3511600,5.81,220,0
5232.KL,Leon Fuat Berhad,0.02,2015,0.655,0.65,16.25,149400,3.05,221,0
5232.KL,Leon Fuat Berhad,0.015,2016,0.655,0.65,16.25,149400,2.29,221,0
5232.KL,Leon Fuat Berhad,0.015,2017,0.655,0.65,16.25,149400,2.29,221,0
5235SS.KL,KLCC Real Estate Investment Trust,0.2546,2015,7.5,7.6,23.0061,37000,3.39,222,0
5235SS.KL,KLCC Real Estate Investment Trust,0.2209,2016,7.5,7.6,23.0061,37000,2.95,222,0
5235SS.KL,KLCC Real Estate Investment Trust,0.2997,2017,7.5,7.6,23.0061,37000,4,222,0
5235SS.KL,KLCC Real Estate Investment Trust,0.1035,2018,7.5,7.6,23.0061,37000,1.38,222,0
5236.KL,Matrix Concepts Holdings Berhad,0.165,2015,2.07,2.04,5.63889,464500,7.97,223,2
5236.KL,Matrix Concepts Holdings Berhad,0.1465,2016,2.07,2.04,5.63889,464500,7.08,223,2
5236.KL,Matrix Concepts Holdings Berhad,0.1375,2017,2.07,2.04,5.63889,464500,6.64,223,0
5239.KL,Titijaya Land Berhad,0.045,2015,0.39,0.39,1.9797,347200,11.54,224,2
5239.KL,Titijaya Land Berhad,0.005,2016,0.39,0.39,1.9797,347200,1.28,224,0
5239.KL,Titijaya Land Berhad,0.005,2017,0.39,0.39,1.9797,347200,1.28,224,0
5242.KL,Solid Automotive Berhad,0.03,2015,0.35,0.325,13.4615,30200,8.57,225,2
5242.KL,Solid Automotive Berhad,0.016,2016,0.35,0.325,13.4615,30200,4.57,225,0
5242.KL,Solid Automotive Berhad,0.008,2017,0.35,0.325,13.4615,30200,2.29,225,0
5245.KL,Caring Pharmacy Group Berhad,0.02,2015,1.65,1.64,49.697,6000,1.21,226,0
5245.KL,Caring Pharmacy Group Berhad,0.015,2016,1.65,1.64,49.697,6000,0.91,226,0
5245.KL,Caring Pharmacy Group Berhad,0.03,2017,1.65,1.64,49.697,6000,1.82,226,0
5246.KL,Westports Holdings Berhad,0.1147,2015,3.3,3.28,20.3681,766900,3.48,227,0
5246.KL,Westports Holdings Berhad,0.1308,2016,3.3,3.28,20.3681,766900,3.96,227,0
5246.KL,Westports Holdings Berhad,0.13072,2017,3.3,3.28,20.3681,766900,3.96,227,0
5247.KL,Karex Berhad,0.025,2015,0.8,0.8,11.1268,5065800,3.12,228,0
5247.KL,Karex Berhad,0.02,2016,0.8,0.8,11.1268,5065800,2.5,228,0
5247.KL,Karex Berhad,0.01,2017,0.8,0.8,11.1268,5065800,1.25,228,0
5248.KL,Berjaya Auto Berhad,0.116,2015,2.35,2.35,13.6628,2859700,4.94,229,0
5248.KL,Berjaya Auto Berhad,0.1015,2016,2.35,2.35,13.6628,2859700,4.32,229,0
5248.KL,Berjaya Auto Berhad,0.1015,2017,2.35,2.35,13.6628,2859700,4.32,229,0
5248.KL,Berjaya Auto Berhad,0.016,2018,2.35,2.35,13.6628,2859700,0.68,229,0
5249.KL,IOI Properties Group Berhad,0.06,2015,1.6,1.59,6.22047,1154400,3.75,230,0
5249.KL,IOI Properties Group Berhad,0.08,2016,1.6,1.59,6.22047,1154400,5,230,0
5249.KL,IOI Properties Group Berhad,0.06,2017,1.6,1.59,6.22047,1154400,3.75,230,0
5250.KL,7-Eleven Malaysia Holdings Berhad,0.025,2015,1.5,1.49,31.4894,61100,1.67,231,0
5250.KL,7-Eleven Malaysia Holdings Berhad,0.023,2016,1.5,1.49,31.4894,61100,1.53,231,0
5250.KL,7-Eleven Malaysia Holdings Berhad,0.023,2017,1.5,1.49,31.4894,61100,1.53,231,0
5250.KL,7-Eleven Malaysia Holdings Berhad,0.026557,2018,1.5,1.49,31.4894,61100,1.77,231,0
5252.KL,Sasbadi Holdings Berhad,0.03,2015,0.36,0.36,6.54546,924700,8.33,232,2
5252.KL,Sasbadi Holdings Berhad,0.03,2016,0.36,0.36,6.54546,924700,8.33,232,2
5252.KL,Sasbadi Holdings Berhad,0.0225,2017,0.36,0.36,6.54546,924700,6.25,232,0
5253.KL,Econpile Holdings Berhad,0.025,2015,0.68,0.695,6.05932,6342300,3.68,233,0
5253.KL,Econpile Holdings Berhad,0.04,2016,0.68,0.695,6.05932,6342300,5.88,233,0
5253.KL,Econpile Holdings Berhad,0.045,2017,0.68,0.695,6.05932,6342300,6.62,233,0
5254.KL,Boustead Plantations Berhad,0.12,2015,1.25,1.25,17.4648,651700,9.6,234,2
5254.KL,Boustead Plantations Berhad,0.14,2016,1.25,1.25,17.4648,651700,11.2,234,2
5254.KL,Boustead Plantations Berhad,0.12,2017,1.25,1.25,17.4648,651700,9.6,234,2
5258.KL,BIMB Holdings Berhad,0.122,2015,3.94,3.92,11.3598,24800,3.1,235,0
5258.KL,BIMB Holdings Berhad,0.13,2016,3.94,3.92,11.3598,24800,3.3,235,0
5258.KL,BIMB Holdings Berhad,0.14,2017,3.94,3.92,11.3598,24800,3.55,235,0
5264.KL,MALAKOFF CORPORATION BERHAD,0.05,2015,0.88,0.88,,441500,5.68,236,0
5264.KL,MALAKOFF CORPORATION BERHAD,0.055,2016,0.88,0.88,,441500,6.25,236,0
5264.KL,MALAKOFF CORPORATION BERHAD,0.06,2017,0.88,0.88,,441500,6.82,236,2
5269.KL,AL-SALAM REAL ESTATE INVESTMENT,0.0143,2016,0.84,0.84,,7300,1.7,237,0
5269.KL,AL-SALAM REAL ESTATE INVESTMENT,0.0307,2017,0.84,0.84,,7300,3.65,237,0
5269.KL,AL-SALAM REAL ESTATE INVESTMENT,0.0315,2018,0.84,0.84,,7300,3.75,237,0
5272.KL,RANHILL HOLDINGS BERHAD,0.018,2016,0.7,0.7,,423200,2.57,238,0
5272.KL,RANHILL HOLDINGS BERHAD,0.07,2017,0.7,0.7,,423200,10,238,2
5272.KL,RANHILL HOLDINGS BERHAD,0.02,2018,0.7,0.7,,423200,2.86,238,0
5347.KL,Tenaga Nasional Berhad,0.29,2015,14.16,14.12,16.4097,6926500,2.05,239,0
5347.KL,Tenaga Nasional Berhad,0.32,2016,14.16,14.12,16.4097,6926500,2.26,239,0
5347.KL,Tenaga Nasional Berhad,0.61,2017,14.16,14.12,16.4097,6926500,4.31,239,0
5355.KL,Daiman Development Bhd,0.05,2015,1.98,2,15.873,11500,2.53,240,0
5355.KL,Daiman Development Bhd,0.05,2016,1.98,2,15.873,11500,2.53,240,0
5355.KL,Daiman Development Bhd,0.055,2017,1.98,2,15.873,11500,2.78,240,0
5371.KL,Kim Hin Industry Bhd,0.03,2015,1.28,1.26,,17400,2.34,241,0
5371.KL,Kim Hin Industry Bhd,0.09,2016,1.28,1.26,,17400,7.03,241,2
5371.KL,Kim Hin Industry Bhd,0.06,2017,1.28,1.26,,17400,4.69,241,0
5398.KL,Gamuda Bhd,0.12,2015,3.3,3.3,12.7626,6763400,3.64,242,0
5398.KL,Gamuda Bhd,0.12,2016,3.3,3.3,12.7626,6763400,3.64,242,0
5398.KL,Gamuda Bhd,0.12,2017,3.3,3.3,12.7626,6763400,3.64,242,0
5398.KL,Gamuda Bhd,0.06,2018,3.3,3.3,12.7626,6763400,1.82,242,0
5401.KL,Tropicana Corporation Berhad,0.05,2015,0.82,0.82,5.49669,259900,6.1,243,0
5401.KL,Tropicana Corporation Berhad,0.02,2016,0.82,0.82,5.49669,259900,2.44,243,0
5401.KL,Tropicana Corporation Berhad,0.045,2017,0.82,0.82,5.49669,259900,5.49,243,0
5401.KL,Tropicana Corporation Berhad,0.016,2018,0.82,0.82,5.49669,259900,1.95,243,0
5436.KL,Perusahaan Sadur Timah Malaysia (Perstima) Bhd,0.38,2015,4.4,4.39,8.577,14500,8.64,244,2
5436.KL,Perusahaan Sadur Timah Malaysia (Perstima) Bhd,0.4,2016,4.4,4.39,8.577,14500,9.09,244,2
5436.KL,Perusahaan Sadur Timah Malaysia (Perstima) Bhd,0.2,2017,4.4,4.39,8.577,14500,4.55,244,0
5517.KL,Shangri-La Hotels Malaysia Bhd,0.12,2015,5.88,5.8,21.0714,392000,2.04,245,0
5517.KL,Shangri-La Hotels Malaysia Bhd,0.14,2016,5.88,5.8,21.0714,392000,2.38,245,0
5517.KL,Shangri-La Hotels Malaysia Bhd,0.14,2017,5.88,5.8,21.0714,392000,2.38,245,0
5533.KL,OCB Bhd,0.02,2015,0.555,0.55,10.5769,4000,3.6,246,0
5533.KL,OCB Bhd,0.01,2016,0.555,0.55,10.5769,4000,1.8,246,0
5533.KL,OCB Bhd,0.01,2017,0.555,0.55,10.5769,4000,1.8,246,0
5568.KL,APB Resources Berhad,0.065,2015,0.815,0.82,102.5,3500,7.98,247,2
5568.KL,APB Resources Berhad,0.065,2016,0.815,0.82,102.5,3500,7.98,247,2
5568.KL,APB Resources Berhad,0.03,2017,0.815,0.82,102.5,3500,3.68,247,0
5568.KL,APB Resources Berhad,0.03,2018,0.815,0.82,102.5,3500,3.68,247,0
5584.KL,Yee Lee Corporation Bhd,0.06,2015,2.2,2.21,,7300,2.73,248,0
5584.KL,Yee Lee Corporation Bhd,0.035,2016,2.2,2.21,,7300,1.59,248,0
5584.KL,Yee Lee Corporation Bhd,0.045,2017,2.2,2.21,,7300,2.05,248,0
5592.KL,Grand Central Enterprises Bhd,0.02,2015,0.5,0.5,,1000,4,249,0
5592.KL,Grand Central Enterprises Bhd,0.02,2016,0.5,0.5,,1000,4,249,0
5592.KL,Grand Central Enterprises Bhd,0.02,2017,0.5,0.5,,1000,4,249,0
5606.KL,Goldis Berhad,0.02,2015,3.02,3.02,22.5373,1000,0.66,250,0
5606.KL,Goldis Berhad,0.02,2016,3.02,3.02,22.5373,1000,0.66,250,0
5606.KL,Goldis Berhad,0.02,2017,3.02,3.02,22.5373,1000,0.66,250,0
5606PA.KL,Goldis Berhad,0.0002,2015,1.29,1.28,,1000,0.02,251,0
5606PA.KL,Goldis Berhad,0.0004,2016,1.29,1.28,,1000,0.03,251,0
5606PA.KL,Goldis Berhad,0.0004,2017,1.29,1.28,,1000,0.03,251,0
5681.KL,Petronas Dagangan Bhd,0.4,2015,24.66,24.5,30.7293,730100,1.62,252,0
5681.KL,Petronas Dagangan Bhd,0.6,2016,24.66,24.5,30.7293,730100,2.43,252,0
5681.KL,Petronas Dagangan Bhd,0.78,2017,24.66,24.5,30.7293,730100,3.16,252,0
5789.KL,LBS Bina Group Bhd,0.0325,2015,0.9,0.9,6.63044,198000,3.61,253,0
5789.KL,LBS Bina Group Bhd,0.035,2016,0.9,0.9,6.63044,198000,3.89,253,0
5789.KL,LBS Bina Group Bhd,0.04,2017,0.9,0.9,6.63044,198000,4.44,253,0
5797.KL,Choo Bee Metal Industries Bhd,0.06,2015,2.25,2.24,50.6667,77800,2.67,254,0
5797.KL,Choo Bee Metal Industries Bhd,0.04,2016,2.25,2.24,50.6667,77800,1.78,254,0
5797.KL,Choo Bee Metal Industries Bhd,0.06,2017,2.25,2.24,50.6667,77800,2.67,254,0
5819.KL,Hong Leong Bank Berhad,0.41,2015,18.66,18.42,17.3171,1368100,2.2,255,0
5819.KL,Hong Leong Bank Berhad,0.41,2016,18.66,18.42,17.3171,1368100,2.2,255,0
5819.KL,Hong Leong Bank Berhad,0.45,2017,18.66,18.42,17.3171,1368100,2.41,255,0
5827.KL,Oriental Interest Bhd,0.12,2015,2.2,2.2,10.1852,3000,5.45,256,0
5827.KL,Oriental Interest Bhd,0.08,2016,2.2,2.2,10.1852,3000,3.64,256,0
5827.KL,Oriental Interest Bhd,0.07,2017,2.2,2.2,10.1852,3000,3.18,256,0
5843.KL,Kumpulan Perangsang Selangor Bhd,0.04,2015,1.53,1.54,5.08251,196600,2.61,257,0
5843.KL,Kumpulan Perangsang Selangor Bhd,0.02,2016,1.53,1.54,5.08251,196600,1.31,257,0
5843.KL,Kumpulan Perangsang Selangor Bhd,0.0425,2017,1.53,1.54,5.08251,196600,2.78,257,0
5878.KL,KPJ Healthcare Bhd,0.0785,2015,1.02,1.02,6.71053,4831000,7.7,258,2
5878.KL,KPJ Healthcare Bhd,0.0655,2016,1.02,1.02,6.71053,4831000,6.42,258,0
5878.KL,KPJ Healthcare Bhd,0.059,2017,1.02,1.02,6.71053,4831000,5.78,258,0
5886.KL,Mintye Industries Bhd,0.03,2015,0.9,0.9,18,10000,3.33,259,0
5886.KL,Mintye Industries Bhd,0.05,2016,0.9,0.9,18,10000,5.56,259,0
5886.KL,Mintye Industries Bhd,0.03,2017,0.9,0.9,18,10000,3.33,259,0
5908.KL,DKSH Holdings (Malaysia) Berhad,0.095,2015,4.02,3.99,17.4561,7000,2.36,260,0
5908.KL,DKSH Holdings (Malaysia) Berhad,0.095,2016,4.02,3.99,17.4561,7000,2.36,260,0
5908.KL,DKSH Holdings (Malaysia) Berhad,0.095,2017,4.02,3.99,17.4561,7000,2.36,260,0
5983.KL,MBM Resources Bhd,0.08,2015,2.49,2.52,,464700,3.21,261,0
5983.KL,MBM Resources Bhd,0.06,2016,2.49,2.52,,464700,2.41,261,0
5983.KL,MBM Resources Bhd,0.045,2017,2.49,2.52,,464700,1.81,261,0
6009.KL,Pacific & Orient Bhd,0.107,2015,1.05,1.03,8.90756,5400,10.19,262,2
6009.KL,Pacific & Orient Bhd,0.065,2016,1.05,1.03,8.90756,5400,6.19,262,0
6009.KL,Pacific & Orient Bhd,0.06,2017,1.05,1.03,8.90756,5400,5.71,262,0
6009.KL,Pacific & Orient Bhd,0.01,2018,1.05,1.03,8.90756,5400,0.95,262,0
6012.KL,Maxis Berhad,0.31,2015,5.65,5.7,22.7347,3042700,5.49,263,0
6012.KL,Maxis Berhad,0.2,2016,5.65,5.7,22.7347,3042700,3.54,263,0
6012.KL,Maxis Berhad,0.2,2017,5.65,5.7,22.7347,3042700,3.54,263,0
6017.KL,SHL Consolidated Bhd,0.25,2015,2.48,2.4,7.10602,6100,10.08,264,2
6017.KL,SHL Consolidated Bhd,0.19,2016,2.48,2.4,7.10602,6100,7.66,264,2
6017.KL,SHL Consolidated Bhd,0.12,2017,2.48,2.4,7.10602,6100,4.84,264,0
6033.KL,Petronas Gas Bhd,0.58,2015,17.28,17.46,17.1685,476500,3.36,265,0
6033.KL,Petronas Gas Bhd,0.6,2016,17.28,17.46,17.1685,476500,3.47,265,0
6033.KL,Petronas Gas Bhd,0.66,2017,17.28,17.46,17.1685,476500,3.82,265,0
6041.KL,Farlim Group Malaysia Bhd,0.05,2015,0.45,0.425,,12000,11.11,266,2
6041.KL,Farlim Group Malaysia Bhd,0.02,2016,0.45,0.425,,12000,4.44,266,0
6041.KL,Farlim Group Malaysia Bhd,0.02,2017,0.45,0.425,,12000,4.44,266,0
6084.KL,Star Media Group Berhad,0.15,2015,1.14,1.14,6.90909,232600,13.16,267,2
6084.KL,Star Media Group Berhad,0.18,2016,1.14,1.14,6.90909,232600,15.79,267,2
6084.KL,Star Media Group Berhad,0.15,2017,1.14,1.14,6.90909,232600,13.16,267,2
6114.KL,MKH Berhad,0.07,2015,1.38,1.36,3.63874,192800,5.07,268,0
6114.KL,MKH Berhad,0.07,2016,1.38,1.36,3.63874,192800,5.07,268,0
6114.KL,MKH Berhad,0.05,2017,1.38,1.36,3.63874,192800,3.62,268,0
6139.KL,Syarikat Takaful Malaysia Bhd,0.35,2015,3.96,3.9,20.7853,136000,8.84,269,2
6139.KL,Syarikat Takaful Malaysia Bhd,0.0735,2016,3.96,3.9,20.7853,136000,1.86,269,0
6139.KL,Syarikat Takaful Malaysia Bhd,0.12,2017,3.96,3.9,20.7853,136000,3.03,269,0
6139.KL,Syarikat Takaful Malaysia Bhd,0.15,2018,3.96,3.9,20.7853,136000,3.79,269,0
6149.KL,Metrod Holdings Berhad,0.06,2015,1.75,1.75,8.70647,2000,3.43,270,0
6149.KL,Metrod Holdings Berhad,0.06,2016,1.75,1.75,8.70647,2000,3.43,270,0
6149.KL,Metrod Holdings Berhad,0.06,2017,1.75,1.75,8.70647,2000,3.43,270,0
6173.KL,Bina Darulaman Bhd,0.035,2015,0.45,0.45,,58000,7.78,271,2
6173.KL,Bina Darulaman Bhd,0.04,2016,0.45,0.45,,58000,8.89,271,2
6173.KL,Bina Darulaman Bhd,0.045,2017,0.45,0.45,,58000,10,271,2
6181.KL,Malton Bhd,0.03,2015,0.53,0.52,6.93333,3254700,5.66,272,0
6181.KL,Malton Bhd,0.025,2016,0.53,0.52,6.93333,3254700,4.72,272,0
6181.KL,Malton Bhd,0.025,2017,0.53,0.52,6.93333,3254700,4.72,272,0
6238.KL,Hock Seng Lee Bhd,0.026,2015,1.4,1.35,10.5263,222900,1.86,273,0
6238.KL,Hock Seng Lee Bhd,0.024,2016,1.4,1.35,10.5263,222900,1.71,273,0
6238.KL,Hock Seng Lee Bhd,0.024,2017,1.4,1.35,10.5263,222900,1.71,273,0
6351.KL,Amway (Malaysia) Holdings Berhad,0.4,2015,7.7,7.67,27.5636,15200,5.19,274,0
6351.KL,Amway (Malaysia) Holdings Berhad,0.25,2016,7.7,7.67,27.5636,15200,3.25,274,0
6351.KL,Amway (Malaysia) Holdings Berhad,0.2,2017,7.7,7.67,27.5636,15200,2.6,274,0
6399.KL,Astro Malaysia Holdings Berhad,0.125,2015,1.6,1.61,13.36,13425200,7.81,275,1
6399.KL,Astro Malaysia Holdings Berhad,0.0975,2016,1.6,1.61,13.36,13425200,6.09,275,1
6399.KL,Astro Malaysia Holdings Berhad,0.125,2017,1.6,1.61,13.36,13425200,7.81,275,1
6432.KL,Apollo Food Holdings Berhad,0.25,2015,4.4,4.28,11.828,17000,5.68,276,0
6432.KL,Apollo Food Holdings Berhad,0.3,2016,4.4,4.28,11.828,17000,6.82,276,0
6432.KL,Apollo Food Holdings Berhad,0.25,2017,4.4,4.28,11.828,17000,5.68,276,0
6491.KL,Kumpulan Fima Bhd,0.085,2015,1.54,1.54,7.62376,12900,5.52,277,0
6491.KL,Kumpulan Fima Bhd,0.09,2016,1.54,1.54,7.62376,12900,5.84,277,0
6491.KL,Kumpulan Fima Bhd,0.09,2017,1.54,1.54,7.62376,12900,5.84,277,0
6599.KL,Aeon Co. (M) Bhd,0.05,2015,2.35,2.35,29.375,293500,2.13,278,0
6599.KL,Aeon Co. (M) Bhd,0.04,2016,2.35,2.35,29.375,293500,1.7,278,0
6599.KL,Aeon Co. (M) Bhd,0.03,2017,2.35,2.35,29.375,293500,1.28,278,0
6645.KL,Lingkaran Trans Kota Holdings Berhad,0.25,2015,4.46,4.46,15.5822,275300,5.61,279,0
6645.KL,Lingkaran Trans Kota Holdings Berhad,0.2,2016,4.46,4.46,15.5822,275300,4.48,279,0
6645.KL,Lingkaran Trans Kota Holdings Berhad,0.3,2017,4.46,4.46,15.5822,275300,6.73,279,0
6718.KL,Crescendo Corporation Berhad,0.07,2015,1.3,1.3,21.6667,43000,5.38,280,0
6718.KL,Crescendo Corporation Berhad,0.05,2016,1.3,1.3,21.6667,43000,3.85,280,0
6718.KL,Crescendo Corporation Berhad,0.06,2017,1.3,1.3,21.6667,43000,4.62,280,0
6742.KL,YTL Power International Berhad,0.1,2015,1.02,1.02,9.05983,25176400,9.8,281,1
6742.KL,YTL Power International Berhad,0.1,2016,1.02,1.02,9.05983,25176400,9.8,281,1
6742.KL,YTL Power International Berhad,0.04902,2017,1.02,1.02,9.05983,25176400,4.81,281,1
6769.KL,JKG Land Berhad,0.002,2015,0.085,0.085,3.03571,315000,2.35,282,0
6769.KL,JKG Land Berhad,0.003,2016,0.085,0.085,3.03571,315000,3.53,282,0
6769.KL,JKG Land Berhad,0.003,2017,0.085,0.085,3.03571,315000,3.53,282,0
6888.KL,Axiata Group Berhad,0.22,2015,4.34,4.33,16.367,2667100,5.07,283,0
6888.KL,Axiata Group Berhad,0.17,2016,4.34,4.33,16.367,2667100,3.92,283,0
6888.KL,Axiata Group Berhad,0.08,2017,4.34,4.33,16.367,2667100,1.84,283,0
6939.KL,Fiamma Holdings Bhd,0.06,2015,0.495,0.495,4.85294,96500,12.12,284,2
6939.KL,Fiamma Holdings Bhd,0.075,2016,0.495,0.495,4.85294,96500,15.15,284,2
6939.KL,Fiamma Holdings Bhd,0.015,2017,0.495,0.495,4.85294,96500,3.03,284,0
6939.KL,Fiamma Holdings Bhd,0.0175,2018,0.495,0.495,4.85294,96500,3.54,284,0
6947.KL,DiGi.Com Berhad,0.243,2015,4.33,4.37,20.6635,3630900,5.61,285,0
6947.KL,DiGi.Com Berhad,0.21,2016,4.33,4.37,20.6635,3630900,4.85,285,0
6947.KL,DiGi.Com Berhad,0.19,2017,4.33,4.37,20.6635,3630900,4.39,285,0
6947.KL,DiGi.Com Berhad,0.046,2018,4.33,4.37,20.6635,3630900,1.06,285,0
6963.KL,VS Industry Berhad,0.167,2015,1.56,1.56,12.2481,6941500,10.71,286,2
6963.KL,VS Industry Berhad,0.051,2016,1.56,1.56,12.2481,6941500,3.27,286,0
6963.KL,VS Industry Berhad,0.057,2017,1.56,1.56,12.2481,6941500,3.65,286,0
6963.KL,VS Industry Berhad,0.025,2018,1.56,1.56,12.2481,6941500,1.6,286,0
7022.KL,Globetronics Technology Bhd,0.09,2015,2.25,2.25,10.7317,1602100,4,287,0
7022.KL,Globetronics Technology Bhd,0.06,2016,2.25,2.25,10.7317,1602100,2.67,287,0
7022.KL,Globetronics Technology Bhd,0.06,2017,2.25,2.25,10.7317,1602100,2.67,287,0
7029.KL,Master-Pack Group Berhad,0.025,2015,0.615,0.615,11.3889,65000,4.07,288,0
7029.KL,Master-Pack Group Berhad,0.01,2016,0.615,0.615,11.3889,65000,1.63,288,0
7029.KL,Master-Pack Group Berhad,0.01,2017,0.615,0.615,11.3889,65000,1.63,288,0
7033.KL,Kumpulan H & L High-Tech Berhad,0.05,2015,1.25,1.25,7.76398,6800,4,289,0
7033.KL,Kumpulan H & L High-Tech Berhad,0.02,2016,1.25,1.25,7.76398,6800,1.6,289,0
7033.KL,Kumpulan H & L High-Tech Berhad,0.05,2017,1.25,1.25,7.76398,6800,4,289,0
7034.KL,Thong Guan Industries Bhd,0.04,2015,2.55,2.51,6.55527,33000,1.57,290,0
7034.KL,Thong Guan Industries Bhd,0.15,2016,2.55,2.51,6.55527,33000,5.88,290,0
7034.KL,Thong Guan Industries Bhd,0.06,2017,2.55,2.51,6.55527,33000,2.35,290,0
7035.KL,CCK Consolidated Holdings Bhd,0.02,2015,0.87,0.865,20.4444,4060600,2.3,291,0
7035.KL,CCK Consolidated Holdings Bhd,0.03,2016,0.87,0.865,20.4444,4060600,3.45,291,0
7035.KL,CCK Consolidated Holdings Bhd,0.02,2017,0.87,0.865,20.4444,4060600,2.3,291,0
7047.KL,Fajarbaru Builder Group Bhd.,0.025,2015,0.4,0.4,16.25,318200,6.25,292,0
7047.KL,Fajarbaru Builder Group Bhd.,0.0125,2016,0.4,0.4,16.25,318200,3.12,292,0
7047.KL,Fajarbaru Builder Group Bhd.,0.015,2017,0.4,0.4,16.25,318200,3.75,292,0
7048.KL,Atlan Holdings Bhd,0.275,2015,4.5,4.4,26.4706,3000,6.11,293,0
7048.KL,Atlan Holdings Bhd,0.125,2016,4.5,4.4,26.4706,3000,2.78,293,0
7048.KL,Atlan Holdings Bhd,0.21,2017,4.5,4.4,26.4706,3000,4.67,293,0
7048.KL,Atlan Holdings Bhd,0.1,2018,4.5,4.4,26.4706,3000,2.22,293,0
7052.KL,Padini Holdings Berhad,0.1,2015,5.6,5.59,30.9444,46000,1.79,294,0
7052.KL,Padini Holdings Berhad,0.1,2016,5.6,5.59,30.9444,46000,1.79,294,0
7052.KL,Padini Holdings Berhad,0.1,2017,5.6,5.59,30.9444,46000,1.79,294,0
7055.KL,PLB Engineering Bhd,0.1,2015,1.69,1.69,27.0968,7000,5.92,295,0
7055.KL,PLB Engineering Bhd,0.05,2016,1.69,1.69,27.0968,7000,2.96,295,0
7055.KL,PLB Engineering Bhd,0.01,2017,1.69,1.69,27.0968,7000,0.59,295,0
7060.KL,New Hoong Fatt Holdings Bhd,0.1,2015,3.45,3.45,12.7306,9100,2.9,296,0
7060.KL,New Hoong Fatt Holdings Bhd,0.11,2016,3.45,3.45,12.7306,9100,3.19,296,0
7060.KL,New Hoong Fatt Holdings Bhd,0.11,2017,3.45,3.45,12.7306,9100,3.19,296,0
7062.KL,Khind Holdings Bhd,0.07,2015,1.76,1.71,8.71287,26000,3.98,297,0
7062.KL,Khind Holdings Bhd,0.1,2016,1.76,1.71,8.71287,26000,5.68,297,0
7062.KL,Khind Holdings Bhd,0.01,2018,1.76,1.71,8.71287,26000,0.57,297,0
7076.KL,CB Industrial Product Holding Bhd,0.09,2015,1.3,1.3,7.96296,1229000,6.92,298,0
7076.KL,CB Industrial Product Holding Bhd,0.03,2016,1.3,1.3,7.96296,1229000,2.31,298,0
7076.KL,CB Industrial Product Holding Bhd,0.06,2017,1.3,1.3,7.96296,1229000,4.62,298,0
7076.KL,CB Industrial Product Holding Bhd,0.03,2018,1.3,1.3,7.96296,1229000,2.31,298,0
7078.KL,Ahmad Zaki Resources Berhad,0.02,2015,0.395,0.395,8.16326,931800,5.06,299,0
7078.KL,Ahmad Zaki Resources Berhad,0.02,2016,0.395,0.395,8.16326,931800,5.06,299,0
7078.KL,Ahmad Zaki Resources Berhad,0.015,2017,0.395,0.395,8.16326,931800,3.8,299,0
7081.KL,Pharmaniaga Bhd,0.35,2015,3.38,3.43,12.3443,60500,10.36,300,2
7081.KL,Pharmaniaga Bhd,0.2,2016,3.38,3.43,12.3443,60500,5.92,300,0
7081.KL,Pharmaniaga Bhd,0.16,2017,3.38,3.43,12.3443,60500,4.73,300,0
7083.KL,Analabs Resources Berhad,0.03,2015,2.1,2.08,8.93617,30000,1.43,301,0
7083.KL,Analabs Resources Berhad,0.03,2016,2.1,2.08,8.93617,30000,1.43,301,0
7083.KL,Analabs Resources Berhad,0.0325,2017,2.1,2.08,8.93617,30000,1.55,301,0
7084.KL,QL Resources Berhad,0.0425,2015,5.69,5.68,37.4675,381200,0.75,302,0
7084.KL,QL Resources Berhad,0.0425,2016,5.69,5.68,37.4675,381200,0.75,302,0
7084.KL,QL Resources Berhad,0.032692,2017,5.69,5.68,37.4675,381200,0.57,302,0
7085.KL,LTKM Bhd,0.125,2015,0.96,0.95,10.5556,10000,13.02,303,2
7085.KL,LTKM Bhd,0.04,2016,0.96,0.95,10.5556,10000,4.17,303,0
7085.KL,LTKM Bhd,0.03,2017,0.96,0.95,10.5556,10000,3.12,303,0
7087.KL,Magni-Tech Industries Bhd,0.08,2015,5.22,5.2,10.4951,80400,1.53,304,0
7087.KL,Magni-Tech Industries Bhd,0.16,2016,5.22,5.2,10.4951,80400,3.07,304,0
7087.KL,Magni-Tech Industries Bhd,0.11,2017,5.22,5.2,10.4951,80400,2.11,304,0
7088.KL,Poh Huat Resources Holdings Bhd,0.14,2015,1.3,1.28,6.56566,14700,10.77,305,2
7088.KL,Poh Huat Resources Holdings Bhd,0.08,2016,1.3,1.28,6.56566,14700,6.15,305,0
7088.KL,Poh Huat Resources Holdings Bhd,0.06,2017,1.3,1.28,6.56566,14700,4.62,305,0
7089.KL,Lii Hen Industries Berhad,0.2,2015,2.44,2.44,6.44562,48800,8.2,306,2
7089.KL,Lii Hen Industries Berhad,0.16,2016,2.44,2.44,6.44562,48800,6.56,306,0
7089.KL,Lii Hen Industries Berhad,0.16,2017,2.44,2.44,6.44562,48800,6.56,306,0
7090.KL,Apex Healthcare Berhad,0.11,2015,6.89,6.88,23.2566,112000,1.6,307,0
7090.KL,Apex Healthcare Berhad,0.115,2016,6.89,6.88,23.2566,112000,1.67,307,0
7090.KL,Apex Healthcare Berhad,0.115,2017,6.89,6.88,23.2566,112000,1.67,307,0
7091.KL,Unimech Group Bhd,0.045,2015,0.97,1.01,20.2,34000,4.64,308,0
7091.KL,Unimech Group Bhd,0.035,2016,0.97,1.01,20.2,34000,3.61,308,0
7091.KL,Unimech Group Bhd,0.03,2017,0.97,1.01,20.2,34000,3.09,308,0
7095.KL,PIE Industrial Bhd,0.12,2015,1.26,1.26,2.37288,641100,9.52,309,2
7095.KL,PIE Industrial Bhd,0.12,2016,1.26,1.26,2.37288,641100,9.52,309,2
7095.KL,PIE Industrial Bhd,0.024,2017,1.26,1.26,2.37288,641100,1.9,309,0
7100.KL,Uchi Technologies Berhad,0.1,2015,2.89,2.9,23.3871,85800,3.46,310,0
7100.KL,Uchi Technologies Berhad,0.11,2016,2.89,2.9,23.3871,85800,3.81,310,0
7100.KL,Uchi Technologies Berhad,0.07,2017,2.89,2.9,23.3871,85800,2.42,310,0
7103.KL,Spritzer Bhd.,0.05,2015,2.44,2.4,13.0387,49600,2.05,311,0
7103.KL,Spritzer Bhd.,0.055,2016,2.44,2.4,13.0387,49600,2.25,311,0
7103.KL,Spritzer Bhd.,0.035,2017,2.44,2.4,13.0387,49600,1.43,311,0
7106.KL,Supermax Corporation Berhad,0.05,2015,3.97,3.96,26.3576,1806100,1.26,312,0
7106.KL,Supermax Corporation Berhad,0.06,2016,3.97,3.96,26.3576,1806100,1.51,312,0
7106.KL,Supermax Corporation Berhad,0.055,2017,3.97,3.96,26.3576,1806100,1.39,312,0
7107.KL,Oriental Food Industries Holdings Bhd,0.135,2015,0.925,0.93,8.77359,10000,14.59,313,2
7107.KL,Oriental Food Industries Holdings Bhd,0.05,2016,0.925,0.93,8.77359,10000,5.41,313,0
7107.KL,Oriental Food Industries Holdings Bhd,0.04,2017,0.925,0.93,8.77359,10000,4.32,313,0
7111.KL,Weida (M) Bhd.,0.03,2015,2.24,2.24,10.9268,544500,1.34,314,0
7111.KL,Weida (M) Bhd.,0.03,2016,2.24,2.24,10.9268,544500,1.34,314,0
7111.KL,Weida (M) Bhd.,0.03,2017,2.24,2.24,10.9268,544500,1.34,314,0
7113.KL,Top Glove Corporation Berhad,0.17,2015,11.32,11.6,35.5,4048600,1.5,315,0
7113.KL,Top Glove Corporation Berhad,0.18,2016,11.32,11.6,35.5,4048600,1.59,315,0
7113.KL,Top Glove Corporation Berhad,0.145,2017,11.32,11.6,35.5,4048600,1.28,315,0
7113.KL,Top Glove Corporation Berhad,0.085,2018,11.32,11.6,35.5,4048600,0.75,315,0
7117.KL,Century Logistics Holdings Bhd,0.065,2015,0.655,0.65,8.6,475700,9.92,316,2
7117.KL,Century Logistics Holdings Bhd,0.04,2016,0.655,0.65,8.6,475700,6.11,316,0
7117.KL,Century Logistics Holdings Bhd,0.01,2017,0.655,0.65,8.6,475700,1.53,316,0
7119.KL,Degem Bhd,0.015,2015,0.97,0.97,18.3019,1200,1.55,317,0
7119.KL,Degem Bhd,0.035,2016,0.97,0.97,18.3019,1200,3.61,317,0
7119.KL,Degem Bhd,0.015,2017,0.97,0.97,18.3019,1200,1.55,317,0
7129.KL,Asia File Corporation Bhd.,0.15,2015,2.74,2.72,6.87657,20100,5.47,318,0
7129.KL,Asia File Corporation Bhd.,0.19,2016,2.74,2.72,6.87657,20100,6.93,318,0
7129.KL,Asia File Corporation Bhd.,0.13,2017,2.74,2.72,6.87657,20100,4.74,318,0
7129.KL,Asia File Corporation Bhd.,0.03,2018,2.74,2.72,6.87657,20100,1.09,318,0
7133.KL,United U-LI Corporation Berhad,0.12,2015,1.34,1.35,6.80203,251700,8.96,319,2
7133.KL,United U-LI Corporation Berhad,0.15,2016,1.34,1.35,6.80203,251700,11.19,319,2
7133.KL,United U-LI Corporation Berhad,0.03,2017,1.34,1.35,6.80203,251700,2.24,319,0
7134.KL,PWF Consolidated Berhad,0.08,2015,0.88,0.9,10.2273,47000,9.09,320,2
7134.KL,PWF Consolidated Berhad,0.087212,2016,0.88,0.9,10.2273,47000,9.91,320,2
7134.KL,PWF Consolidated Berhad,0.02,2017,0.88,0.9,10.2273,47000,2.27,320,0
7134.KL,PWF Consolidated Berhad,0.015,2018,0.88,0.9,10.2273,47000,1.7,320,0
7137.KL,UMS Holdings Berhad,0.06,2015,2.65,2.65,6.40097,100,2.26,321,0
7137.KL,UMS Holdings Berhad,0.06,2016,2.65,2.65,6.40097,100,2.26,321,0
7137.KL,UMS Holdings Berhad,0.06,2017,2.65,2.65,6.40097,100,2.26,321,0
7137.KL,UMS Holdings Berhad,0.06,2018,2.65,2.65,6.40097,100,2.26,321,0
7140.KL,Oka Corp. Bhd,0.03,2015,1.29,1.3,11.9444,21700,2.33,322,0
7140.KL,Oka Corp. Bhd,0.05,2016,1.29,1.3,11.9444,21700,3.88,322,0
7140.KL,Oka Corp. Bhd,0.055,2017,1.29,1.3,11.9444,21700,4.26,322,0
7148.KL,CCM Duopharma Biotech Berhad,0.185,2015,1.4,1.39,9.79866,652900,13.21,323,2
7148.KL,CCM Duopharma Biotech Berhad,0.08,2016,1.4,1.39,9.79866,652900,5.71,323,0
7148.KL,CCM Duopharma Biotech Berhad,0.065,2017,1.4,1.39,9.79866,652900,4.64,323,0
7149.KL,Eng Kah Corporation Berhad,0.065,2015,1.28,1.28,28.4444,200,5.08,324,0
7149.KL,Eng Kah Corporation Berhad,0.065,2016,1.28,1.28,28.4444,200,5.08,324,0
7149.KL,Eng Kah Corporation Berhad,0.04,2017,1.28,1.28,28.4444,200,3.12,324,0
7152.KL,Jaycorp Berhad,0.04,2015,0.86,0.86,6.61539,15300,4.65,325,0
7152.KL,Jaycorp Berhad,0.1,2016,0.86,0.86,6.61539,15300,11.63,325,2
7152.KL,Jaycorp Berhad,0.11,2017,0.86,0.86,6.61539,15300,12.79,325,2
7153.KL,Kossan Rubber Industries Bhd,0.1,2015,8.2,8.2,25.3067,1786200,1.22,326,0
7153.KL,Kossan Rubber Industries Bhd,0.115,2016,8.2,8.2,25.3067,1786200,1.4,326,0
7153.KL,Kossan Rubber Industries Bhd,0.11,2017,8.2,8.2,25.3067,1786200,1.34,326,0
7154.KL,Caely Holdings Bhd,0.01,2015,0.82,0.8,12.7344,194400,1.22,327,0
7154.KL,Caely Holdings Bhd,0.01,2016,0.82,0.8,12.7344,194400,1.22,327,0
7154.KL,Caely Holdings Bhd,0.01,2017,0.82,0.8,12.7344,194400,1.22,327,0
7155.KL,SKP Resources Bhd,0.0196,2015,1.43,1.42,20.4286,1010400,1.37,328,0
7155.KL,SKP Resources Bhd,0.035,2016,1.43,1.42,20.4286,1010400,2.45,328,0
7155.KL,SKP Resources Bhd,0.0415,2017,1.43,1.42,20.4286,1010400,2.9,328,0
7157.KL,CYL Corp. Bhd,0.05,2015,0.57,0.57,,37000,8.77,329,2
7157.KL,CYL Corp. Bhd,0.06,2016,0.57,0.57,,37000,10.53,329,2
7157.KL,CYL Corp. Bhd,0.04,2017,0.57,0.57,,37000,7.02,329,0
7157.KL,CYL Corp. Bhd,0.02,2018,0.57,0.57,,37000,3.51,329,0
7162.KL,Astino Berhad,0.0291,2015,0.79,0.79,9.63415,181000,3.68,330,0
7162.KL,Astino Berhad,0.0195,2016,0.79,0.79,9.63415,181000,2.47,330,0
7162.KL,Astino Berhad,0.01,2017,0.79,0.79,9.63415,181000,1.27,330,0
7162.KL,Astino Berhad,0.01,2018,0.79,0.79,9.63415,181000,1.27,330,0
7167.KL,Johore Tin Bhd,0.035,2015,1.03,1.03,5.44503,445600,3.4,331,0
7167.KL,Johore Tin Bhd,0.04,2016,1.03,1.03,5.44503,445600,3.88,331,0
7167.KL,Johore Tin Bhd,0.03,2017,1.03,1.03,5.44503,445600,2.91,331,0
7168.KL,PRG Holdings Berhad,0.01,2015,0.86,0.85,15.3704,12000,1.16,332,0
7168.KL,PRG Holdings Berhad,0.01,2016,0.86,0.85,15.3704,12000,1.16,332,0
7168.KL,PRG Holdings Berhad,0.005,2017,0.86,0.85,15.3704,12000,0.58,332,0
7169.KL,Dominant Enterprise Berhad,0.048333,2015,1.3,1.28,,1200,3.72,333,0
7169.KL,Dominant Enterprise Berhad,0.035,2016,1.3,1.28,,1200,2.69,333,0
7169.KL,Dominant Enterprise Berhad,0.06,2017,1.3,1.28,,1200,4.62,333,0
7172.KL,PMB Technology Bhd,0.04,2015,3.06,3.06,28.1481,172400,1.31,334,0
7172.KL,PMB Technology Bhd,0.04,2016,3.06,3.06,28.1481,172400,1.31,334,0
7172.KL,PMB Technology Bhd,0.05,2017,3.06,3.06,28.1481,172400,1.63,334,0
7178.KL,Y.S.P. Southeast Asia Holding Berhad,0.065,2015,2.63,2.6,14.2076,17200,2.47,335,0
7178.KL,Y.S.P. Southeast Asia Holding Berhad,0.065,2016,2.63,2.6,14.2076,17200,2.47,335,0
7178.KL,Y.S.P. Southeast Asia Holding Berhad,0.07,2017,2.63,2.6,14.2076,17200,2.66,335,0
7190.KL,Pelangi Publishing Group Bhd,0.02,2015,0.44,0.44,13.3333,3200,4.55,336,0
7190.KL,Pelangi Publishing Group Bhd,0.0125,2016,0.44,0.44,13.3333,3200,2.84,336,0
7190.KL,Pelangi Publishing Group Bhd,0.0138,2017,0.44,0.44,13.3333,3200,3.14,336,0
7190.KL,Pelangi Publishing Group Bhd,0.02,2018,0.44,0.44,13.3333,3200,4.55,336,0
7199.KL,Kein Hing International Bhd,0.01,2015,0.495,0.495,5.26596,4300,2.02,337,0
7199.KL,Kein Hing International Bhd,0.015,2016,0.495,0.495,5.26596,4300,3.03,337,0
7199.KL,Kein Hing International Bhd,0.015,2017,0.495,0.495,5.26596,4300,3.03,337,0
7200.KL,Tek Seng Holdings Bhd,0.01,2015,0.305,0.31,2.79817,121500,3.28,338,0
7200.KL,Tek Seng Holdings Bhd,0.05,2016,0.305,0.31,2.79817,121500,16.39,338,2
7200.KL,Tek Seng Holdings Bhd,0.01,2017,0.305,0.31,2.79817,121500,3.28,338,0
7201.KL,Progressive Impact Corp. Bhd,0.0038,2015,0.13,0.13,,122000,2.92,339,0
7201.KL,Progressive Impact Corp. Bhd,0.0023,2016,0.13,0.13,,122000,1.77,339,0
7201.KL,Progressive Impact Corp. Bhd,0.0061,2017,0.13,0.13,,122000,4.69,339,0
7202.KL,Classic Scenic Bhd,0.08,2015,1.45,1.45,13.4259,2000,5.52,340,0
7202.KL,Classic Scenic Bhd,0.12,2016,1.45,1.45,13.4259,2000,8.28,340,2
7202.KL,Classic Scenic Bhd,0.1,2017,1.45,1.45,13.4259,2000,6.9,340,0
7203.KL,Wang-Zheng Berhad,0.025,2015,1.43,1.38,17.561,3100,1.75,341,0
7203.KL,Wang-Zheng Berhad,0.04,2016,1.43,1.38,17.561,3100,2.8,341,0
7203.KL,Wang-Zheng Berhad,0.03,2017,1.43,1.38,17.561,3100,2.1,341,0
7205.KL,Cocoaland Holdings Bhd,0.075,2015,2.32,2.32,16.2676,59900,3.23,342,0
7205.KL,Cocoaland Holdings Bhd,0.03,2016,2.32,2.32,16.2676,59900,1.29,342,0
7205.KL,Cocoaland Holdings Bhd,0.1,2017,2.32,2.32,16.2676,59900,4.31,342,0
7207.KL,Success Transformer Corporation Berhad,0.04,2015,0.85,0.85,3.63248,30000,4.71,343,0
7207.KL,Success Transformer Corporation Berhad,0.09,2016,0.85,0.85,3.63248,30000,10.59,343,2
7207.KL,Success Transformer Corporation Berhad,0.05,2017,0.85,0.85,3.63248,30000,5.88,343,0
7209.KL,Cheetah Holdings Berhad,0.0075,2015,0.38,0.4,28.5714,5000,1.97,344,0
7209.KL,Cheetah Holdings Berhad,0.0075,2016,0.38,0.4,28.5714,5000,1.97,344,0
7209.KL,Cheetah Holdings Berhad,0.006,2017,0.38,0.4,28.5714,5000,1.58,344,0
7210.KL,Freight Management Holdings Bhd,0.05,2015,1.1,1.1,9.32203,55300,4.55,345,0
7210.KL,Freight Management Holdings Bhd,0.05,2016,1.1,1.1,9.32203,55300,4.55,345,0
7210.KL,Freight Management Holdings Bhd,0.05,2017,1.1,1.1,9.32203,55300,4.55,345,0
7214.KL,A-Rank Berhad,0.0225,2015,0.74,0.74,6.16667,60400,3.04,346,0
7214.KL,A-Rank Berhad,0.03,2016,0.74,0.74,6.16667,60400,4.05,346,0
7214.KL,A-Rank Berhad,0.0325,2017,0.74,0.74,6.16667,60400,4.39,346,0
7216.KL,Kawan Food Bhd,0.02,2015,2.5,2.5,18.6047,47400,0.8,347,0
7216.KL,Kawan Food Bhd,0.025,2016,2.5,2.5,18.6047,47400,1,347,0
7216.KL,Kawan Food Bhd,0.025,2017,2.5,2.5,18.6047,47400,1,347,0
7222.KL,Imaspro Corporation Berhad,0.035,2015,2.2,2.18,21.3592,260000,1.59,348,0
7222.KL,Imaspro Corporation Berhad,0.07,2016,2.2,2.18,21.3592,260000,3.18,348,0
7222.KL,Imaspro Corporation Berhad,0.035,2017,2.2,2.18,21.3592,260000,1.59,348,0
7227.KL,Ums-Neiken Group Berhad,0.025,2015,1.02,1.02,9.02655,4000,2.45,349,0
7227.KL,Ums-Neiken Group Berhad,0.03,2016,1.02,1.02,9.02655,4000,2.94,349,0
7227.KL,Ums-Neiken Group Berhad,0.03,2017,1.02,1.02,9.02655,4000,2.94,349,0
7229.KL,Favelle Favco Berhad,0.12,2015,2.59,2.53,6.65789,1000,4.63,350,0
7229.KL,Favelle Favco Berhad,0.15,2016,2.59,2.53,6.65789,1000,5.79,350,0
7229.KL,Favelle Favco Berhad,0.15,2017,2.59,2.53,6.65789,1000,5.79,350,0
7231.KL,Wellcall Holdings Bhd,0.069,2015,1.3,1.31,,36400,5.31,351,0
7231.KL,Wellcall Holdings Bhd,0.069,2016,1.3,1.31,,36400,5.31,351,0
7231.KL,Wellcall Holdings Bhd,0.0615,2017,1.3,1.31,,36400,4.73,351,0
7235.KL,Superlon Holdings Berhad,0.04,2015,1.54,1.54,7.47619,1187200,2.6,352,0
7235.KL,Superlon Holdings Berhad,0.08,2016,1.54,1.54,7.47619,1187200,5.19,352,0
7235.KL,Superlon Holdings Berhad,0.015,2017,1.54,1.54,7.47619,1187200,0.97,352,0
7235.KL,Superlon Holdings Berhad,0.01,2018,1.54,1.54,7.47619,1187200,0.65,352,0
7237.KL,Power Root Berhad,0.1,2015,1.76,1.76,12.7536,51500,5.68,353,0
7237.KL,Power Root Berhad,0.1,2016,1.76,1.76,12.7536,51500,5.68,353,0
7237.KL,Power Root Berhad,0.115,2017,1.76,1.76,12.7536,51500,6.53,353,0
7245.KL,WZ Satu Berhad,0.02,2016,0.36,0.35,7.05882,20300,5.56,354,0
7245.KL,WZ Satu Berhad,0.02,2017,0.36,0.35,7.05882,20300,5.56,354,0
7245.KL,WZ Satu Berhad,0.02,2018,0.36,0.35,7.05882,20300,5.56,354,0
7246.KL,Signature International Berhad,0.1,2015,0.565,0.54,7.85714,82100,17.7,355,2
7246.KL,Signature International Berhad,0.02,2016,0.565,0.54,7.85714,82100,3.54,355,0
7246.KL,Signature International Berhad,0.025,2017,0.565,0.54,7.85714,82100,4.42,355,0
7247.KL,SCGM Bhd,0.19,2015,1.88,1.88,11.4198,557200,10.11,356,2
7247.KL,SCGM Bhd,0.08,2016,1.88,1.88,11.4198,557200,4.26,356,0
7247.KL,SCGM Bhd,0.07,2017,1.88,1.88,11.4198,557200,3.72,356,0
7248.KL,SLP Resources Berhad,0.025,2015,0.86,0.86,7.61062,58000,2.91,357,0
7248.KL,SLP Resources Berhad,0.045,2016,0.86,0.86,7.61062,58000,5.23,357,0
7248.KL,SLP Resources Berhad,0.045,2017,0.86,0.86,7.61062,58000,5.23,357,0
7249.KL,Ewein Berhad,0.01,2015,0.735,0.725,11.194,7083400,1.36,358,0
7249.KL,Ewein Berhad,0.005,2016,0.735,0.725,11.194,7083400,0.68,358,0
7249.KL,Ewein Berhad,0.005,2017,0.735,0.725,11.194,7083400,0.68,358,0
7277.KL,Dialog Group Berhad,0.022,2015,3.18,3.26,58.8889,16713600,0.69,359,1
7277.KL,Dialog Group Berhad,0.022,2016,3.18,3.26,58.8889,16713600,0.69,359,1
7277.KL,Dialog Group Berhad,0.0265,2017,3.18,3.26,58.8889,16713600,0.83,359,1
7285.KL,Tomypak Holdings Bhd,0.08,2015,0.82,0.815,4.20513,905400,9.76,360,2
7285.KL,Tomypak Holdings Bhd,0.09,2016,0.82,0.815,4.20513,905400,10.98,360,2
7285.KL,Tomypak Holdings Bhd,0.056,2017,0.82,0.815,4.20513,905400,6.83,360,0
7293.KL,Yinson Holdings Berhad,0.015,2015,4.6,4.6,21.1416,143200,0.33,361,0
7293.KL,Yinson Holdings Berhad,0.02,2016,4.6,4.6,21.1416,143200,0.43,361,0
7293.KL,Yinson Holdings Berhad,0.06,2017,4.6,4.6,21.1416,143200,1.3,361,0
7323.KL,Ken Holdings Bhd,0.03,2015,0.83,0.81,6.38462,63000,3.61,362,0
7323.KL,Ken Holdings Bhd,0.03,2016,0.83,0.81,6.38462,63000,3.61,362,0
7323.KL,Ken Holdings Bhd,0.025,2017,0.83,0.81,6.38462,63000,3.01,362,0
7374.KL,Tien Wah Press Holdings Bhd,0.08,2015,1.34,1.34,3.44473,9700,5.97,363,0
7374.KL,Tien Wah Press Holdings Bhd,0.18,2016,1.34,1.34,3.44473,9700,13.43,363,2
7374.KL,Tien Wah Press Holdings Bhd,0.1,2017,1.34,1.34,3.44473,9700,7.46,363,0
7412.KL,SHH Resources Holdings Bhd,0.1,2015,0.775,0.775,2.62712,500,12.9,364,2
7412.KL,SHH Resources Holdings Bhd,0.1,2016,0.775,0.775,2.62712,500,12.9,364,2
7412.KL,SHH Resources Holdings Bhd,0.05,2017,0.775,0.775,2.62712,500,6.45,364,0
7528.KL,DKLS Industries Bhd,0.03,2015,1.85,1.85,8.29596,1000,1.62,365,0
7528.KL,DKLS Industries Bhd,0.03,2016,1.85,1.85,8.29596,1000,1.62,365,0
7528.KL,DKLS Industries Bhd,0.03,2017,1.85,1.85,8.29596,1000,1.62,365,0
7609.KL,Ajiya Berhad,0.03,2015,0.545,0.535,1.95652,101400,5.5,366,0
7609.KL,Ajiya Berhad,0.05,2016,0.545,0.535,1.95652,101400,9.17,366,2
7609.KL,Ajiya Berhad,0.02,2017,0.545,0.535,1.95652,101400,3.67,366,0
7617.KL,Magna Prima Bhd,0.05,2015,1.15,1.15,2.71226,90000,4.35,367,0
7617.KL,Magna Prima Bhd,0.03,2016,1.15,1.15,2.71226,90000,2.61,367,0
7617.KL,Magna Prima Bhd,0.03,2017,1.15,1.15,2.71226,90000,2.61,367,0
7668.KL,Hai-O Enterprise Bhd,0.15,2015,4.97,4.99,26.5241,62300,3.02,368,0
7668.KL,Hai-O Enterprise Bhd,0.15,2016,4.97,4.99,26.5241,62300,3.02,368,0
7668.KL,Hai-O Enterprise Bhd,0.16,2017,4.97,4.99,26.5241,62300,3.22,368,0
7668.KL,Hai-O Enterprise Bhd,0.06,2018,4.97,4.99,26.5241,62300,1.21,368,0
7757.KL,UPA Corporation Berhad,0.08,2015,2.48,2.52,,1000,3.23,369,0
7757.KL,UPA Corporation Berhad,0.09,2016,2.48,2.52,,1000,3.63,369,0
7757.KL,UPA Corporation Berhad,0.08,2017,2.48,2.52,,1000,3.23,369,0
7803.KL,Rubberex Corp. M Bhd,0.03,2015,0.6,0.595,8.69565,142200,5,370,0
7803.KL,Rubberex Corp. M Bhd,0.02,2016,0.6,0.595,8.69565,142200,3.33,370,0
7803.KL,Rubberex Corp. M Bhd,0.0075,2017,0.6,0.595,8.69565,142200,1.25,370,0
7811.KL,Sapura Industrial Bhd,0.06,2015,0.84,0.85,9.34066,100,7.14,371,0
7811.KL,Sapura Industrial Bhd,0.06,2016,0.84,0.85,9.34066,100,7.14,371,0
7811.KL,Sapura Industrial Bhd,0.05,2017,0.84,0.85,9.34066,100,5.95,371,0
8125.KL,Daibochi Plastic & Packaging Industry Bhd,0.145,2015,2.1,2.1,21.2121,500,6.9,372,0
8125.KL,Daibochi Plastic & Packaging Industry Bhd,0.054,2016,2.1,2.1,21.2121,500,2.57,372,0
8125.KL,Daibochi Plastic & Packaging Industry Bhd,0.0479,2017,2.1,2.1,21.2121,500,2.28,372,0
8311.KL,Pesona Metro Holdings Berhad,0.01,2015,0.26,0.255,13.6842,774900,3.85,373,0
8311.KL,Pesona Metro Holdings Berhad,0.02,2016,0.26,0.255,13.6842,774900,7.69,373,0
8311.KL,Pesona Metro Holdings Berhad,0.01,2017,0.26,0.255,13.6842,774900,3.85,373,0
8397.KL,Tiong Nam Logistics Holdings Bhd,0.04,2015,1,0.995,5.71429,46000,4,374,0
8397.KL,Tiong Nam Logistics Holdings Bhd,0.05,2016,1,0.995,5.71429,46000,5,374,0
8397.KL,Tiong Nam Logistics Holdings Bhd,0.02,2017,1,0.995,5.71429,46000,2,374,0
8419.KL,Pansar Bhd,0.0225,2015,0.875,0.875,31.25,681900,2.57,375,0
8419.KL,Pansar Bhd,0.02,2016,0.875,0.875,31.25,681900,2.29,375,0
8419.KL,Pansar Bhd,0.01,2017,0.875,0.875,31.25,681900,1.14,375,0
8443.KL,HIL Industries Bhd,0.015,2015,0.75,0.7,12.4561,12800,2,376,0
8443.KL,HIL Industries Bhd,0.015,2016,0.75,0.7,12.4561,12800,2,376,0
8443.KL,HIL Industries Bhd,0.015,2017,0.75,0.7,12.4561,12800,2,376,0
8494.KL,LBI Capital Bhd,0.05,2015,0.875,0.85,5.76159,15300,5.71,377,0
8494.KL,LBI Capital Bhd,0.07,2016,0.875,0.85,5.76159,15300,8,377,0
8494.KL,LBI Capital Bhd,0.07,2017,0.875,0.85,5.76159,15300,8,377,0
8524.KL,Taliworks Corporation Berhad,0.17,2015,0.775,0.77,,292000,21.94,378,2
8524.KL,Taliworks Corporation Berhad,0.08,2016,0.775,0.77,,292000,10.32,378,2
8524.KL,Taliworks Corporation Berhad,0.08,2017,0.775,0.77,,292000,10.32,378,2
8583.KL,Mah Sing Group Bhd,0.065,2015,1.09,1.08,7.80142,2006200,5.96,379,0
8583.KL,Mah Sing Group Bhd,0.065,2016,1.09,1.08,7.80142,2006200,5.96,379,0
8583.KL,Mah Sing Group Bhd,0.065,2017,1.09,1.08,7.80142,2006200,5.96,379,0
8591.KL,Crest Builder Holdings Bhd,0.0375,2015,0.93,0.935,19.1837,41300,4.03,380,0
8591.KL,Crest Builder Holdings Bhd,0.04,2016,0.93,0.935,19.1837,41300,4.3,380,0
8591.KL,Crest Builder Holdings Bhd,0.04,2017,0.93,0.935,19.1837,41300,4.3,380,0
8621.KL,LPI Capital Bhd,0.75,2015,16.98,17,17.2177,46100,4.42,381,0
8621.KL,LPI Capital Bhd,0.75,2016,16.98,17,17.2177,46100,4.42,381,0
8621.KL,LPI Capital Bhd,0.82,2017,16.98,17,17.2177,46100,4.83,381,0
8621.KL,LPI Capital Bhd,0.45,2018,16.98,17,17.2177,46100,2.65,381,0
8648.KL,Jasa Kita Bhd,0.003,2015,0.13,0.13,,446000,2.31,382,0
8648.KL,Jasa Kita Bhd,0.003,2016,0.13,0.13,,446000,2.31,382,0
8648.KL,Jasa Kita Bhd,0.01,2017,0.13,0.13,,446000,7.69,382,0
8664.KL,S P Setia Berhad,0.097,2015,2.99,2.92,9.80198,1274000,3.24,383,0
8664.KL,S P Setia Berhad,0.23,2016,2.99,2.92,9.80198,1274000,7.69,383,0
8664.KL,S P Setia Berhad,0.2,2017,2.99,2.92,9.80198,1274000,6.69,383,0
8702.KL,Texchem Resources Bhd,0.25,2015,0.87,0.85,38.2609,15000,28.74,384,2
8702.KL,Texchem Resources Bhd,0.1,2016,0.87,0.85,38.2609,15000,11.49,384,2
8702.KL,Texchem Resources Bhd,0.1,2017,0.87,0.85,38.2609,15000,11.49,384,2
8869.KL,Press Metal Bhd,0.09,2015,4.12,4.12,31.4286,5079500,2.18,385,0
8869.KL,Press Metal Bhd,0.095,2016,4.12,4.12,31.4286,5079500,2.31,385,0
8869.KL,Press Metal Bhd,0.06,2017,4.12,4.12,31.4286,5079500,1.46,385,0
8877.KL,Ekovest Berhad,0.02,2015,0.62,0.62,18.2353,1223300,3.23,386,0
8877.KL,Ekovest Berhad,0.02,2016,0.62,0.62,18.2353,1223300,3.23,386,0
8877.KL,Ekovest Berhad,0.05,2017,0.62,0.62,18.2353,1223300,8.06,386,0
8966.KL,Prolexus Bhd,0.042,2015,0.76,0.76,3.49315,245800,5.53,387,0
8966.KL,Prolexus Bhd,0.0325,2016,0.76,0.76,3.49315,245800,4.28,387,0
8966.KL,Prolexus Bhd,0.0125,2017,0.76,0.76,3.49315,245800,1.64,387,0
8966.KL,Prolexus Bhd,0.01,2018,0.76,0.76,3.49315,245800,1.32,387,0
8982.KL,Cepatwawasan Group Bhd,0.02,2015,0.72,0.71,36.5,37400,2.78,388,0
8982.KL,Cepatwawasan Group Bhd,0.015,2016,0.72,0.71,36.5,37400,2.08,388,0
8982.KL,Cepatwawasan Group Bhd,0.03,2017,0.72,0.71,36.5,37400,4.17,388,0
9059.KL,TSH Resources Berhad,0.025,2015,1.17,1.16,,95100,2.14,389,0
9059.KL,TSH Resources Berhad,0.02,2016,1.17,1.16,,95100,1.71,389,0
9059.KL,TSH Resources Berhad,0.02,2017,1.17,1.16,,95100,1.71,389,0
9148.KL,Advanced Packaging Technology M Bhd,0.12,2015,2.1,2.1,14.2857,2000,5.71,390,0
9148.KL,Advanced Packaging Technology M Bhd,0.12,2016,2.1,2.1,14.2857,2000,5.71,390,0
9148.KL,Advanced Packaging Technology M Bhd,0.12,2017,2.1,2.1,14.2857,2000,5.71,390,0
9172.KL,Formosa Prosonic Industries Berhad,0.03,2015,1.38,1.41,15.5682,471000,2.17,391,0
9172.KL,Formosa Prosonic Industries Berhad,0.07,2016,1.38,1.41,15.5682,471000,5.07,391,0
9172.KL,Formosa Prosonic Industries Berhad,0.06,2017,1.38,1.41,15.5682,471000,4.35,391,0
9261.KL,Gadang Holdings Berhad,0.05,2015,0.73,0.73,1.84343,2173000,6.85,392,0
9261.KL,Gadang Holdings Berhad,0.07,2016,0.73,0.73,1.84343,2173000,9.59,392,2
9261.KL,Gadang Holdings Berhad,0.03,2017,0.73,0.73,1.84343,2173000,4.11,392,0
9288.KL,Bonia Corporation Berhad,0.0125,2015,0.43,0.43,13.7097,165000,2.91,393,0
9288.KL,Bonia Corporation Berhad,0.0125,2016,0.43,0.43,13.7097,165000,2.91,393,0
9288.KL,Bonia Corporation Berhad,0.0125,2017,0.43,0.43,13.7097,165000,2.91,393,0
9296.KL,RCE Capital Berhad,0.015,2015,1.5,1.49,12.3577,513400,1,394,0
9296.KL,RCE Capital Berhad,0.035,2016,1.5,1.49,12.3577,513400,2.33,394,0
9296.KL,RCE Capital Berhad,0.03,2017,1.5,1.49,12.3577,513400,2,394,0
9296.KL,RCE Capital Berhad,0.03,2018,1.5,1.49,12.3577,513400,2,394,0
9326.KL,LB Aluminium Bhd,0.02,2015,0.545,0.57,15.4054,30000,3.67,395,0
9326.KL,LB Aluminium Bhd,0.02,2016,0.545,0.57,15.4054,30000,3.67,395,0
9326.KL,LB Aluminium Bhd,0.025,2017,0.545,0.57,15.4054,30000,4.59,395,0
9334.KL,KESM Industries Bhd,0.03,2015,17.06,17.02,26.6035,9300,0.18,396,0
9334.KL,KESM Industries Bhd,0.03,2016,17.06,17.02,26.6035,9300,0.18,396,0
9334.KL,KESM Industries Bhd,0.095,2017,17.06,17.02,26.6035,9300,0.56,396,0
9369.KL,Teo Guan Lee Corp. Bhd,0.075,2015,0.97,0.97,,4000,7.73,397,0
9369.KL,Teo Guan Lee Corp. Bhd,0.075,2016,0.97,0.97,,4000,7.73,397,0
9369.KL,Teo Guan Lee Corp. Bhd,0.05,2017,0.97,0.97,,4000,5.15,397,0
9423.KL,Chee Wah Corp. Bhd,0.02,2015,0.48,0.48,2.58065,40000,4.17,398,0
9423.KL,Chee Wah Corp. Bhd,0.035,2016,0.48,0.48,2.58065,40000,7.29,398,0
9423.KL,Chee Wah Corp. Bhd,0.015,2017,0.48,0.48,2.58065,40000,3.12,398,0
9431.KL,Seni Jaya Corporation Berhad,0.01,2015,0.53,0.53,18.9286,10900,1.89,399,0
9431.KL,Seni Jaya Corporation Berhad,0.01,2016,0.53,0.53,18.9286,10900,1.89,399,0
9431.KL,Seni Jaya Corporation Berhad,0.01,2017,0.53,0.53,18.9286,10900,1.89,399,0
9571.KL,Mitrajaya Holdings Bhd,0.033333,2015,0.45,0.45,4.07895,855400,7.41,400,0
9571.KL,Mitrajaya Holdings Bhd,0.05,2016,0.45,0.45,4.07895,855400,11.11,400,2
9571.KL,Mitrajaya Holdings Bhd,0.05,2017,0.45,0.45,4.07895,855400,11.11,400,2
9598.KL,Pintaras Jaya Bhd,0.18,2015,2.74,2.74,18.0272,57700,6.57,401,0
9598.KL,Pintaras Jaya Bhd,0.2,2016,2.74,2.74,18.0272,57700,7.3,401,0
9598.KL,Pintaras Jaya Bhd,0.2,2017,2.74,2.74,18.0272,57700,7.3,401,0
9792.KL,SEG International Bhd,0.07,2015,0.645,0.645,26,169400,10.85,402,2
9792.KL,SEG International Bhd,0.06,2016,0.645,0.645,26,169400,9.3,402,2
9792.KL,SEG International Bhd,0.035,2017,0.645,0.645,26,169400,5.43,402,0
9822.KL,SAM Engineering & Equipment (M) Berhad,0.1194,2015,7.41,7.4,15.7537,23900,1.61,403,0
9822.KL,SAM Engineering & Equipment (M) Berhad,0.1496,2016,7.41,7.4,15.7537,23900,2.02,403,0
9822.KL,SAM Engineering & Equipment (M) Berhad,0.1028,2017,7.41,7.4,15.7537,23900,1.39,403,0
9865.KL,Suiwah Corp. Bhd,0.06,2015,2.06,2.06,25.75,100,2.91,404,0
9865.KL,Suiwah Corp. Bhd,0.035,2016,2.06,2.06,25.75,100,1.7,404,0
9865.KL,Suiwah Corp. Bhd,0.01,2017,2.06,2.06,25.75,100,0.49,404,0
9873.KL,Prestar Resources Bhd,0.02,2015,0.88,0.88,13.5937,27400,2.27,405,0
9873.KL,Prestar Resources Bhd,0.02,2016,0.88,0.88,13.5937,27400,2.27,405,0
9873.KL,Prestar Resources Bhd,0.05,2017,0.88,0.88,13.5937,27400,5.68,405,0
9962.KL,Gromutual Bhd,0.02,2015,0.38,0.35,8.26087,1300,5.26,406,0
9962.KL,Gromutual Bhd,0.01,2016,0.38,0.35,8.26087,1300,2.63,406,0
9962.KL,Gromutual Bhd,0.02,2017,0.38,0.35,8.26087,1300,5.26,406,0
9997.KL,Pensonic Holdings Bhd,0.035,2015,0.585,0.585,3.9,12500,5.98,407,0
9997.KL,Pensonic Holdings Bhd,0.03,2016,0.585,0.585,3.9,12500,5.13,407,0
9997.KL,Pensonic Holdings Bhd,0.02,2017,0.585,0.585,3.9,12500,3.42,407,0
